Time,AI,AV,SMU1_S,RES
23.4668E-3,5.4290E-9,38.1807E+0,001C0360,
116.5400E-3,4.4823E-9,38.1795E+0,001C0360,
209.6447E-3,3.9835E-9,38.1792E+0,001C0360,
302.7370E-3,3.7226E-9,38.1781E+0,001C0360,
395.8426E-3,3.5286E-9,38.1772E+0,001C0360,
488.9311E-3,3.3873E-9,38.1761E+0,001C0360,
582.0462E-3,3.2894E-9,38.1749E+0,001C0360,
675.1585E-3,3.2184E-9,38.1740E+0,001C0360,
768.2403E-3,3.1283E-9,38.1729E+0,001C0360,
861.3945E-3,3.0785E-9,38.1718E+0,001C0360,
954.5116E-3,3.0403E-9,38.1714E+0,001C0360,
1.0476E+0,2.9956E-9,38.1703E+0,001C0360,
1.1408E+0,2.9642E-9,38.1694E+0,001C0360,
1.2339E+0,2.9252E-9,38.1688E+0,001C0360,
1.3270E+0,2.8949E-9,38.1682E+0,001C0360,
1.4201E+0,2.8814E-9,38.1672E+0,001C0360,
1.5132E+0,2.8572E-9,38.1672E+0,001C0360,
1.6063E+0,2.8039E-9,38.1663E+0,001C0360,
1.6994E+0,2.8124E-9,38.1657E+0,001C0360,
1.7926E+0,2.8032E-9,38.1653E+0,001C0360,
1.8857E+0,2.7871E-9,38.1645E+0,001C0360,
1.9788E+0,2.7651E-9,38.1640E+0,001C0360,
2.0719E+0,2.7447E-9,38.1638E+0,001C0360,
2.1650E+0,2.7202E-9,38.1632E+0,001C0360,
2.2582E+0,2.7189E-9,38.1628E+0,001C0360,
2.3513E+0,2.7171E-9,38.1625E+0,001C0360,
2.4444E+0,2.6916E-9,38.1621E+0,001C0360,
2.5375E+0,2.6875E-9,38.1614E+0,001C0360,
2.6306E+0,2.6818E-9,38.1616E+0,001C0360,
2.7237E+0,2.6535E-9,38.1611E+0,001C0360,
2.8168E+0,2.6582E-9,38.1608E+0,001C0360,
2.9099E+0,2.6472E-9,38.1607E+0,001C0360,
3.0030E+0,2.6340E-9,38.1602E+0,001C0360,
3.0961E+0,2.6171E-9,38.1599E+0,001C0360,
3.1892E+0,2.6141E-9,38.1598E+0,001C0360,
3.2823E+0,2.6054E-9,38.1594E+0,001C0360,
3.3754E+0,2.5985E-9,38.1592E+0,001C0360,
3.4685E+0,2.5979E-9,38.1592E+0,001C0360,
3.5616E+0,2.5759E-9,38.1588E+0,001C0360,
3.6547E+0,2.5845E-9,38.1585E+0,001C0360,
3.7478E+0,2.5784E-9,38.1587E+0,001C0360,
3.8409E+0,2.5689E-9,38.1580E+0,001C0360,
3.9341E+0,2.5631E-9,38.1582E+0,001C0360,
4.0272E+0,2.5439E-9,38.1582E+0,001C0360,
4.1203E+0,2.5274E-9,38.1576E+0,001C0360,
4.2134E+0,2.5247E-9,38.1574E+0,001C0360,
4.3065E+0,2.5275E-9,38.1576E+0,001C0360,
4.3997E+0,2.5409E-9,38.1575E+0,001C0360,
4.4927E+0,2.5272E-9,38.1571E+0,001C0360,
4.5858E+0,2.5136E-9,38.1572E+0,001C0360,
4.6789E+0,2.4949E-9,38.1569E+0,001C0360,
4.7720E+0,2.5047E-9,38.1566E+0,001C0360,
4.8651E+0,2.5039E-9,38.1567E+0,001C0360,
4.9582E+0,2.4896E-9,38.1564E+0,001C0360,
5.0513E+0,2.4876E-9,38.1560E+0,001C0360,
5.1444E+0,2.4845E-9,38.1562E+0,001C0360,
5.2375E+0,2.4774E-9,38.1559E+0,001C0360,
5.3306E+0,2.4711E-9,38.1556E+0,001C0360,
5.4238E+0,2.4728E-9,38.1561E+0,001C0360,
5.5169E+0,2.4874E-9,38.1558E+0,001C0360,
5.6100E+0,2.4601E-9,38.1555E+0,001C0360,
5.7031E+0,2.4610E-9,38.1562E+0,001C0360,
5.7962E+0,2.4466E-9,38.1557E+0,001C0360,
5.8893E+0,2.4310E-9,38.1553E+0,001C0360,
5.9824E+0,2.4477E-9,38.1555E+0,001C0360,
6.0755E+0,2.4200E-9,38.1550E+0,001C0360,
6.1686E+0,2.4285E-9,38.1549E+0,001C0360,
6.2617E+0,2.4190E-9,38.1552E+0,001C0360,
6.3548E+0,2.4050E-9,38.1549E+0,001C0360,
6.4478E+0,2.4036E-9,38.1549E+0,001C0360,
6.5409E+0,2.4054E-9,38.1551E+0,001C0360,
6.6340E+0,2.3960E-9,38.1547E+0,001C0360,
6.7270E+0,2.3727E-9,38.1545E+0,001C0360,
6.8201E+0,2.3977E-9,38.1545E+0,001C0360,
6.9132E+0,2.3873E-9,38.1543E+0,001C0360,
7.0063E+0,2.3862E-9,38.1544E+0,001C0360,
7.0994E+0,2.3890E-9,38.1543E+0,001C0360,
7.1925E+0,2.3691E-9,38.1543E+0,001C0360,
7.2856E+0,2.3693E-9,38.1541E+0,001C0360,
7.3787E+0,2.3683E-9,38.1544E+0,001C0360,
7.4718E+0,2.3620E-9,38.1539E+0,001C0360,
7.5648E+0,2.3547E-9,38.1539E+0,001C0360,
7.6579E+0,2.3459E-9,38.1540E+0,001C0360,
7.7510E+0,2.3391E-9,38.1538E+0,001C0360,
7.8442E+0,2.3426E-9,38.1536E+0,001C0360,
7.9372E+0,2.3510E-9,38.1536E+0,001C0360,
8.0303E+0,2.3468E-9,38.1539E+0,001C0360,
8.1234E+0,2.3257E-9,38.1535E+0,001C0360,
8.2165E+0,2.3307E-9,38.1537E+0,001C0360,
8.3096E+0,2.3223E-9,38.1535E+0,001C0360,
8.4028E+0,2.3113E-9,38.1534E+0,001C0360,
8.4959E+0,2.3123E-9,38.1537E+0,001C0360,
8.5890E+0,2.3099E-9,38.1533E+0,001C0360,
8.6821E+0,2.3189E-9,38.1532E+0,001C0360,
8.7752E+0,2.3070E-9,38.1532E+0,001C0360,
8.8683E+0,2.2870E-9,38.1533E+0,001C0360,
8.9614E+0,2.2987E-9,38.1532E+0,001C0360,
9.0545E+0,2.2795E-9,38.1534E+0,001C0360,
9.1476E+0,2.2752E-9,38.1533E+0,001C0360,
9.2408E+0,2.2814E-9,38.1530E+0,001C0360,
9.3338E+0,2.2765E-9,38.1533E+0,001C0360,
9.4269E+0,2.2778E-9,38.1532E+0,001C0360,
9.5200E+0,2.2648E-9,38.1530E+0,001C0360,
9.6131E+0,2.2716E-9,38.1531E+0,001C0360,
9.7062E+0,2.2634E-9,38.1529E+0,001C0360,
9.7993E+0,2.2654E-9,38.1527E+0,001C0360,
9.8923E+0,2.2688E-9,38.1530E+0,001C0360,
9.9854E+0,2.2543E-9,38.1526E+0,001C0360,
10.0785E+0,2.2447E-9,38.1527E+0,001C0360,
10.1716E+0,2.2471E-9,38.1531E+0,001C0360,
10.2647E+0,2.2386E-9,38.1528E+0,001C0360,
10.3577E+0,2.2335E-9,38.1526E+0,001C0360,
10.4508E+0,2.2410E-9,38.1529E+0,001C0360,
10.5439E+0,2.2342E-9,38.1527E+0,001C0360,
10.6370E+0,2.2254E-9,38.1525E+0,001C0360,
10.7301E+0,2.2242E-9,38.1525E+0,001C0360,
10.8232E+0,2.2235E-9,38.1527E+0,001C0360,
10.9163E+0,2.2116E-9,38.1524E+0,001C0360,
11.0094E+0,2.2152E-9,38.1523E+0,001C0360,
11.1025E+0,2.2064E-9,38.1527E+0,001C0360,
11.1955E+0,2.2083E-9,38.1524E+0,001C0360,
11.2887E+0,2.1984E-9,38.1521E+0,001C0360,
11.3817E+0,2.2089E-9,38.1522E+0,001C0360,
11.4748E+0,2.1928E-9,38.1521E+0,001C0360,
11.5680E+0,2.1664E-9,38.1521E+0,001C0360,
11.6611E+0,2.1911E-9,38.1521E+0,001C0360,
11.7542E+0,2.1955E-9,38.1520E+0,001C0360,
11.8473E+0,2.1956E-9,38.1519E+0,001C0360,
11.9404E+0,2.1844E-9,38.1521E+0,001C0360,
12.0335E+0,2.1820E-9,38.1522E+0,001C0360,
12.1266E+0,2.1812E-9,38.1520E+0,001C0360,
12.2197E+0,2.1732E-9,38.1519E+0,001C0360,
12.3128E+0,2.1720E-9,38.1517E+0,001C0360,
12.4059E+0,2.1622E-9,38.1517E+0,001C0360,
12.4990E+0,2.1621E-9,38.1517E+0,001C0360,
12.5921E+0,2.1577E-9,38.1517E+0,001C0360,
12.6852E+0,2.1613E-9,38.1516E+0,001C0360,
12.7783E+0,2.1659E-9,38.1516E+0,001C0360,
12.8714E+0,2.1569E-9,38.1515E+0,001C0360,
12.9646E+0,2.1471E-9,38.1515E+0,001C0360,
13.0577E+0,2.1601E-9,38.1515E+0,001C0360,
13.1508E+0,2.1418E-9,38.1514E+0,001C0360,
13.2439E+0,2.1458E-9,38.1512E+0,001C0360,
13.3370E+0,2.1447E-9,38.1515E+0,001C0360,
13.4301E+0,2.1394E-9,38.1513E+0,001C0360,
13.5232E+0,2.1371E-9,38.1510E+0,001C0360,
13.6164E+0,2.1321E-9,38.1514E+0,001C0360,
13.7095E+0,2.1149E-9,38.1513E+0,001C0360,
13.8026E+0,2.1241E-9,38.1511E+0,001C0360,
13.8957E+0,2.1197E-9,38.1513E+0,001C0360,
13.9888E+0,2.1254E-9,38.1514E+0,001C0360,
14.0819E+0,2.1040E-9,38.1511E+0,001C0360,
14.1751E+0,2.1097E-9,38.1513E+0,001C0360,
14.2681E+0,2.1142E-9,38.1512E+0,001C0360,
14.3612E+0,2.1103E-9,38.1511E+0,001C0360,
14.4544E+0,2.1121E-9,38.1514E+0,001C0360,
14.5475E+0,2.0999E-9,38.1514E+0,001C0360,
14.6406E+0,2.0993E-9,38.1510E+0,001C0360,
14.7337E+0,2.1092E-9,38.1511E+0,001C0360,
14.8268E+0,2.1058E-9,38.1510E+0,001C0360,
14.9200E+0,2.0853E-9,38.1508E+0,001C0360,
15.0131E+0,2.1007E-9,38.1512E+0,001C0360,
15.1062E+0,2.0734E-9,38.1510E+0,001C0360,
15.1993E+0,2.0741E-9,38.1510E+0,001C0360,
15.2924E+0,2.0868E-9,38.1514E+0,001C0360,
15.3855E+0,2.0761E-9,38.1508E+0,001C0360,
15.4785E+0,2.0708E-9,38.1510E+0,001C0360,
15.5716E+0,2.0747E-9,38.1511E+0,001C0360,
15.6647E+0,2.0670E-9,38.1510E+0,001C0360,
15.7578E+0,2.0608E-9,38.1510E+0,001C0360,
15.8509E+0,2.0656E-9,38.1512E+0,001C0360,
15.9440E+0,2.0736E-9,38.1510E+0,001C0360,
16.0371E+0,2.0560E-9,38.1508E+0,001C0360,
16.1302E+0,2.0651E-9,38.1508E+0,001C0360,
16.2233E+0,2.0509E-9,38.1507E+0,001C0360,
16.3164E+0,2.0456E-9,38.1507E+0,001C0360,
16.4095E+0,2.0482E-9,38.1514E+0,001C0360,
16.5026E+0,2.0395E-9,38.1508E+0,001C0360,
16.5957E+0,2.0400E-9,38.1507E+0,001C0360,
16.6887E+0,2.0340E-9,38.1508E+0,001C0360,
16.7818E+0,2.0282E-9,38.1507E+0,001C0360,
16.8749E+0,2.0318E-9,38.1505E+0,001C0360,
16.9679E+0,2.0307E-9,38.1507E+0,001C0360,
17.0611E+0,2.0479E-9,38.1506E+0,001C0360,
17.1541E+0,2.0307E-9,38.1506E+0,001C0360,
17.2472E+0,2.0233E-9,38.1507E+0,001C0360,
17.3403E+0,2.0129E-9,38.1508E+0,001C0360,
17.4334E+0,2.0163E-9,38.1505E+0,001C0360,
17.5265E+0,2.0230E-9,38.1506E+0,001C0360,
17.6196E+0,2.0045E-9,38.1506E+0,001C0360,
17.7127E+0,2.0105E-9,38.1505E+0,001C0360,
17.8058E+0,2.0096E-9,38.1506E+0,001C0360,
17.8989E+0,2.0094E-9,38.1506E+0,001C0360,
17.9920E+0,2.0115E-9,38.1504E+0,001C0360,
18.0851E+0,1.9857E-9,38.1506E+0,001C0360,
18.1781E+0,1.9981E-9,38.1503E+0,001C0360,
18.2712E+0,1.9926E-9,38.1503E+0,001C0360,
18.3643E+0,2.0008E-9,38.1504E+0,001C0360,
18.4574E+0,1.9952E-9,38.1505E+0,001C0360,
18.5505E+0,1.9918E-9,38.1504E+0,001C0360,
18.6436E+0,2.0029E-9,38.1502E+0,001C0360,
18.7367E+0,1.9999E-9,38.1502E+0,001C0360,
18.8298E+0,1.9852E-9,38.1502E+0,001C0360,
18.9229E+0,1.9823E-9,38.1504E+0,001C0360,
19.0159E+0,1.9914E-9,38.1503E+0,001C0360,
19.1090E+0,1.9888E-9,38.1503E+0,001C0360,
19.2021E+0,1.9887E-9,38.1503E+0,001C0360,
19.2952E+0,1.9766E-9,38.1501E+0,001C0360,
19.3883E+0,1.9738E-9,38.1502E+0,001C0360,
19.4814E+0,1.9786E-9,38.1504E+0,001C0360,
19.5745E+0,1.9824E-9,38.1503E+0,001C0360,
19.6676E+0,1.9662E-9,38.1500E+0,001C0360,
19.7607E+0,1.9850E-9,38.1501E+0,001C0360,
19.8538E+0,1.9660E-9,38.1501E+0,001C0360,
19.9469E+0,1.9577E-9,38.1499E+0,001C0360,
20.0400E+0,1.9761E-9,38.1502E+0,001C0360,
20.1331E+0,1.9607E-9,38.1498E+0,001C0360,
20.2262E+0,1.9655E-9,38.1499E+0,001C0360,
20.3193E+0,1.9701E-9,38.1500E+0,001C0360,
20.4125E+0,1.9499E-9,38.1499E+0,001C0360,
20.5056E+0,1.9592E-9,38.1499E+0,001C0360,
20.5987E+0,1.9539E-9,38.1500E+0,001C0360,
20.6917E+0,1.9478E-9,38.1499E+0,001C0360,
20.7848E+0,1.9465E-9,38.1498E+0,001C0360,
20.8779E+0,1.9597E-9,38.1502E+0,001C0360,
20.9710E+0,1.9401E-9,38.1499E+0,001C0360,
21.0641E+0,1.9440E-9,38.1498E+0,001C0360,
21.1572E+0,1.9481E-9,38.1497E+0,001C0360,
21.2503E+0,1.9346E-9,38.1498E+0,001C0360,
21.3435E+0,1.9359E-9,38.1497E+0,001C0360,
21.4365E+0,1.9449E-9,38.1498E+0,001C0360,
21.5297E+0,1.9644E-9,38.1507E+0,001C0360,
21.6227E+0,1.9397E-9,38.1496E+0,001C0360,
21.7159E+0,1.9347E-9,38.1502E+0,001C0360,
21.8090E+0,1.9268E-9,38.1497E+0,001C0360,
21.9020E+0,1.9194E-9,38.1495E+0,001C0360,
21.9952E+0,1.9136E-9,38.1498E+0,001C0360,
22.0883E+0,1.9252E-9,38.1496E+0,001C0360,
22.1814E+0,1.9178E-9,38.1495E+0,001C0360,
22.2745E+0,1.9268E-9,38.1496E+0,001C0360,
22.3676E+0,1.9114E-9,38.1495E+0,001C0360,
22.4607E+0,1.9068E-9,38.1499E+0,001C0360,
22.5538E+0,1.9084E-9,38.1497E+0,001C0360,
22.6469E+0,1.9024E-9,38.1496E+0,001C0360,
22.7400E+0,1.9106E-9,38.1494E+0,001C0360,
22.8331E+0,1.8900E-9,38.1497E+0,001C0360,
22.9262E+0,1.8978E-9,38.1496E+0,001C0360,
23.0193E+0,1.9005E-9,38.1495E+0,001C0360,
23.1125E+0,1.8931E-9,38.1496E+0,001C0360,
23.2056E+0,1.8937E-9,38.1494E+0,001C0360,
23.2987E+0,1.8887E-9,38.1493E+0,001C0360,
23.3918E+0,1.8965E-9,38.1495E+0,001C0360,
23.4849E+0,1.8959E-9,38.1493E+0,001C0360,
23.5780E+0,1.8862E-9,38.1495E+0,001C0360,
23.6712E+0,1.8815E-9,38.1494E+0,001C0360,
23.7642E+0,1.8812E-9,38.1493E+0,001C0360,
23.8573E+0,1.8900E-9,38.1493E+0,001C0360,
23.9505E+0,1.8778E-9,38.1493E+0,001C0360,
24.0435E+0,1.8735E-9,38.1493E+0,001C0360,
24.1367E+0,1.8756E-9,38.1493E+0,001C0360,
24.2298E+0,1.8790E-9,38.1497E+0,001C0360,
24.3229E+0,1.8749E-9,38.1495E+0,001C0360,
24.4160E+0,1.8676E-9,38.1494E+0,001C0360,
24.5091E+0,1.8697E-9,38.1495E+0,001C0360,
24.6022E+0,1.8680E-9,38.1498E+0,001C0360,
24.6953E+0,1.8602E-9,38.1493E+0,001C0360,
24.7885E+0,1.8566E-9,38.1496E+0,001C0360,
24.8816E+0,1.8713E-9,38.1493E+0,001C0360,
24.9746E+0,1.8623E-9,38.1492E+0,001C0360,
25.0678E+0,1.8707E-9,38.1494E+0,001C0360,
25.1609E+0,1.8611E-9,38.1493E+0,001C0360,
25.2540E+0,1.8565E-9,38.1493E+0,001C0360,
25.3471E+0,1.8641E-9,38.1494E+0,001C0360,
25.4402E+0,1.8667E-9,38.1493E+0,001C0360,
25.5334E+0,1.8537E-9,38.1495E+0,001C0360,
25.6265E+0,1.8459E-9,38.1497E+0,001C0360,
25.7196E+0,1.8391E-9,38.1498E+0,001C0360,
25.8127E+0,1.8428E-9,38.1493E+0,001C0360,
25.9057E+0,1.8584E-9,38.1497E+0,001C0360,
25.9989E+0,1.8500E-9,38.1493E+0,001C0360,
26.0920E+0,1.8342E-9,38.1494E+0,001C0360,
26.1851E+0,1.8424E-9,38.1494E+0,001C0360,
26.2782E+0,1.8489E-9,38.1493E+0,001C0360,
26.3713E+0,1.8483E-9,38.1492E+0,001C0360,
26.4645E+0,1.8428E-9,38.1493E+0,001C0360,
26.5576E+0,1.8351E-9,38.1492E+0,001C0360,
26.6507E+0,1.8331E-9,38.1490E+0,001C0360,
26.7438E+0,1.8425E-9,38.1498E+0,001C0360,
26.8369E+0,1.8384E-9,38.1493E+0,001C0360,
26.9300E+0,1.8346E-9,38.1491E+0,001C0360,
27.0231E+0,1.8427E-9,38.1494E+0,001C0360,
27.1163E+0,1.8225E-9,38.1491E+0,001C0360,
27.2094E+0,1.8250E-9,38.1491E+0,001C0360,
27.3025E+0,1.8132E-9,38.1492E+0,001C0360,
27.3956E+0,1.8231E-9,38.1492E+0,001C0360,
27.4888E+0,1.8256E-9,38.1490E+0,001C0360,
27.5819E+0,1.8165E-9,38.1492E+0,001C0360,
27.6750E+0,1.8227E-9,38.1492E+0,001C0360,
27.7681E+0,1.8213E-9,38.1490E+0,001C0360,
27.8612E+0,1.7977E-9,38.1492E+0,001C0360,
27.9543E+0,1.8144E-9,38.1489E+0,001C0360,
28.0474E+0,1.8078E-9,38.1489E+0,001C0360,
28.1406E+0,1.8078E-9,38.1490E+0,001C0360,
28.2337E+0,1.8049E-9,38.1489E+0,001C0360,
28.3268E+0,1.7995E-9,38.1488E+0,001C0360,
28.4199E+0,1.8150E-9,38.1487E+0,001C0360,
28.5130E+0,1.8060E-9,38.1488E+0,001C0360,
28.6061E+0,1.8001E-9,38.1489E+0,001C0360,
28.6992E+0,1.7954E-9,38.1489E+0,001C0360,
28.7923E+0,1.8009E-9,38.1489E+0,001C0360,
28.8854E+0,1.7964E-9,38.1487E+0,001C0360,
28.9785E+0,1.8113E-9,38.1487E+0,001C0360,
29.0716E+0,1.8139E-9,38.1490E+0,001C0360,
29.1647E+0,1.7859E-9,38.1486E+0,001C0360,
29.2578E+0,1.8015E-9,38.1487E+0,001C0360,
29.3509E+0,1.7935E-9,38.1484E+0,001C0360,
29.4439E+0,1.7924E-9,38.1482E+0,001C0360,
29.5370E+0,1.8088E-9,38.1489E+0,001C0360,
29.6302E+0,1.7996E-9,38.1484E+0,001C0360,
29.7232E+0,1.7961E-9,38.1483E+0,001C0360,
29.8164E+0,1.8043E-9,38.1486E+0,001C0360,
29.9094E+0,1.8020E-9,38.1484E+0,001C0360,
30.0025E+0,1.8161E-9,38.1484E+0,001C0360,
30.0956E+0,1.8204E-9,38.1484E+0,001C0360,
30.1887E+0,1.8274E-9,38.1483E+0,001C0360,
30.2818E+0,1.8457E-9,38.1482E+0,001C0360,
30.3749E+0,1.8616E-9,38.1485E+0,001C0360,
30.4680E+0,1.8630E-9,38.1483E+0,001C0360,
30.5611E+0,1.8718E-9,38.1480E+0,001C0360,
30.6541E+0,1.8925E-9,38.1483E+0,001C0360,
30.7472E+0,1.8812E-9,38.1479E+0,001C0360,
30.8403E+0,1.9037E-9,38.1479E+0,001C0360,
30.9334E+0,1.9243E-9,38.1478E+0,001C0360,
31.0265E+0,1.9112E-9,38.1478E+0,001C0360,
31.1196E+0,1.9340E-9,38.1477E+0,001C0360,
31.2127E+0,1.9411E-9,38.1478E+0,001C0360,
31.3058E+0,1.9463E-9,38.1477E+0,001C0360,
31.3989E+0,1.9622E-9,38.1477E+0,001C0360,
31.4920E+0,1.9870E-9,38.1479E+0,001C0360,
31.5851E+0,1.9932E-9,38.1476E+0,001C0360,
31.6782E+0,1.9987E-9,38.1476E+0,001C0360,
31.7713E+0,2.0116E-9,38.1476E+0,001C0360,
31.8644E+0,2.0083E-9,38.1475E+0,001C0360,
31.9575E+0,2.0068E-9,38.1474E+0,001C0360,
32.0506E+0,2.0202E-9,38.1478E+0,001C0360,
32.1437E+0,2.0059E-9,38.1475E+0,001C0360,
32.2369E+0,2.0049E-9,38.1473E+0,001C0360,
32.3300E+0,2.0042E-9,38.1475E+0,001C0360,
32.4230E+0,1.9887E-9,38.1474E+0,001C0360,
32.5162E+0,2.0040E-9,38.1473E+0,001C0360,
32.6093E+0,2.0008E-9,38.1476E+0,001C0360,
32.7024E+0,2.0111E-9,38.1474E+0,001C0360,
32.7955E+0,2.0005E-9,38.1473E+0,001C0360,
32.8886E+0,2.0015E-9,38.1474E+0,001C0360,
32.9817E+0,1.9894E-9,38.1474E+0,001C0360,
33.0748E+0,1.9912E-9,38.1472E+0,001C0360,
33.1679E+0,1.9952E-9,38.1474E+0,001C0360,
33.2610E+0,1.9820E-9,38.1473E+0,001C0360,
33.3541E+0,1.9839E-9,38.1473E+0,001C0360,
33.4472E+0,1.9830E-9,38.1475E+0,001C0360,
33.5403E+0,1.9673E-9,38.1473E+0,001C0360,
33.6334E+0,1.9723E-9,38.1474E+0,001C0360,
33.7266E+0,1.9761E-9,38.1476E+0,001C0360,
33.8196E+0,1.9717E-9,38.1475E+0,001C0360,
33.9128E+0,1.9651E-9,38.1474E+0,001C0360,
34.0059E+0,1.9779E-9,38.1476E+0,001C0360,
34.0990E+0,1.9714E-9,38.1478E+0,001C0360,
34.1921E+0,1.9651E-9,38.1475E+0,001C0360,
34.2852E+0,1.9960E-9,38.1477E+0,001C0360,
34.3783E+0,1.9714E-9,38.1476E+0,001C0360,
34.4714E+0,1.9586E-9,38.1475E+0,001C0360,
34.5645E+0,1.9706E-9,38.1478E+0,001C0360,
34.6576E+0,1.9480E-9,38.1475E+0,001C0360,
34.7506E+0,1.9696E-9,38.1476E+0,001C0360,
34.8438E+0,1.9574E-9,38.1477E+0,001C0360,
34.9369E+0,1.9456E-9,38.1474E+0,001C0360,
35.0300E+0,1.9655E-9,38.1474E+0,001C0360,
35.1231E+0,1.9508E-9,38.1478E+0,001C0360,
35.2162E+0,1.9504E-9,38.1476E+0,001C0360,
35.3093E+0,1.9428E-9,38.1475E+0,001C0360,
35.4024E+0,1.9618E-9,38.1473E+0,001C0360,
35.4955E+0,1.9655E-9,38.1476E+0,001C0360,
35.5886E+0,1.9411E-9,38.1475E+0,001C0360,
35.6817E+0,1.9480E-9,38.1476E+0,001C0360,
35.7748E+0,1.9336E-9,38.1473E+0,001C0360,
35.8679E+0,1.9365E-9,38.1473E+0,001C0360,
35.9610E+0,1.9455E-9,38.1473E+0,001C0360,
36.0541E+0,1.9198E-9,38.1473E+0,001C0360,
36.1472E+0,1.9221E-9,38.1473E+0,001C0360,
36.2403E+0,1.9354E-9,38.1474E+0,001C0360,
36.3335E+0,1.9251E-9,38.1472E+0,001C0360,
36.4266E+0,1.9220E-9,38.1471E+0,001C0360,
36.5197E+0,1.9317E-9,38.1473E+0,001C0360,
36.6128E+0,1.9369E-9,38.1472E+0,001C0360,
36.7059E+0,1.9178E-9,38.1469E+0,001C0360,
36.7991E+0,1.9151E-9,38.1472E+0,001C0360,
36.8921E+0,1.9254E-9,38.1470E+0,001C0360,
36.9853E+0,1.9252E-9,38.1469E+0,001C0360,
37.0784E+0,1.9475E-9,38.1472E+0,001C0360,
37.1715E+0,1.9175E-9,38.1470E+0,001C0360,
37.2646E+0,1.9329E-9,38.1469E+0,001C0360,
37.3577E+0,1.9329E-9,38.1475E+0,001C0360,
37.4509E+0,1.9257E-9,38.1472E+0,001C0360,
37.5439E+0,1.9194E-9,38.1469E+0,001C0360,
37.6370E+0,1.9151E-9,38.1471E+0,001C0360,
37.7302E+0,1.9159E-9,38.1472E+0,001C0360,
37.8233E+0,1.9011E-9,38.1471E+0,001C0360,
37.9164E+0,1.9082E-9,38.1471E+0,001C0360,
38.0095E+0,1.9043E-9,38.1469E+0,001C0360,
38.1026E+0,1.8857E-9,38.1469E+0,001C0360,
38.1957E+0,1.9078E-9,38.1471E+0,001C0360,
38.2888E+0,1.8944E-9,38.1468E+0,001C0360,
38.3819E+0,1.9044E-9,38.1469E+0,001C0360,
38.4750E+0,1.9018E-9,38.1468E+0,001C0360,
38.5681E+0,1.8909E-9,38.1468E+0,001C0360,
38.6613E+0,1.8788E-9,38.1467E+0,001C0360,
38.7543E+0,1.8971E-9,38.1468E+0,001C0360,
38.8475E+0,1.8864E-9,38.1468E+0,001C0360,
38.9406E+0,1.8920E-9,38.1467E+0,001C0360,
39.0336E+0,1.9103E-9,38.1470E+0,001C0360,
39.1268E+0,1.8864E-9,38.1471E+0,001C0360,
39.2198E+0,1.8904E-9,38.1469E+0,001C0360,
39.3130E+0,1.8815E-9,38.1473E+0,001C0360,
39.4061E+0,1.8698E-9,38.1469E+0,001C0360,
39.4992E+0,1.8887E-9,38.1467E+0,001C0360,
39.5923E+0,1.8826E-9,38.1472E+0,001C0360,
39.6854E+0,1.8726E-9,38.1470E+0,001C0360,
39.7785E+0,1.8768E-9,38.1470E+0,001C0360,
39.8716E+0,1.8718E-9,38.1473E+0,001C0360,
39.9647E+0,1.8706E-9,38.1469E+0,001C0360,
40.0578E+0,1.8750E-9,38.1469E+0,001C0360,
40.1510E+0,1.8884E-9,38.1472E+0,001C0360,
40.2440E+0,1.8706E-9,38.1470E+0,001C0360,
40.3372E+0,1.8684E-9,38.1468E+0,001C0360,
40.4303E+0,1.8708E-9,38.1473E+0,001C0360,
40.5234E+0,1.8672E-9,38.1469E+0,001C0360,
40.6165E+0,1.8628E-9,38.1468E+0,001C0360,
40.7096E+0,1.8742E-9,38.1470E+0,001C0360,
40.8028E+0,1.8558E-9,38.1467E+0,001C0360,
40.8959E+0,1.8581E-9,38.1468E+0,001C0360,
40.9890E+0,1.8574E-9,38.1470E+0,001C0360,
41.0821E+0,1.8468E-9,38.1468E+0,001C0360,
41.1752E+0,1.8594E-9,38.1466E+0,001C0360,
41.2683E+0,1.8658E-9,38.1469E+0,001C0360,
41.3614E+0,1.8570E-9,38.1468E+0,001C0360,
41.4545E+0,1.8599E-9,38.1467E+0,001C0360,
41.5477E+0,1.8596E-9,38.1472E+0,001C0360,
41.6407E+0,1.8461E-9,38.1470E+0,001C0360,
41.7339E+0,1.8456E-9,38.1468E+0,001C0360,
41.8270E+0,1.8641E-9,38.1470E+0,001C0360,
41.9200E+0,1.8620E-9,38.1466E+0,001C0360,
42.0132E+0,1.8474E-9,38.1467E+0,001C0360,
42.1062E+0,1.8450E-9,38.1471E+0,001C0360,
42.1994E+0,1.8510E-9,38.1469E+0,001C0360,
42.2925E+0,1.8393E-9,38.1467E+0,001C0360,
42.3855E+0,1.8606E-9,38.1472E+0,001C0360,
42.4787E+0,1.8488E-9,38.1468E+0,001C0360,
42.5718E+0,1.8702E-9,38.1467E+0,001C0360,
42.6649E+0,1.8530E-9,38.1469E+0,001C0360,
42.7580E+0,1.8404E-9,38.1466E+0,001C0360,
42.8511E+0,1.8351E-9,38.1467E+0,001C0360,
42.9441E+0,1.8422E-9,38.1470E+0,001C0360,
43.0372E+0,1.8257E-9,38.1469E+0,001C0360,
43.1303E+0,1.8461E-9,38.1467E+0,001C0360,
43.2235E+0,1.8190E-9,38.1469E+0,001C0360,
43.3166E+0,1.8277E-9,38.1468E+0,001C0360,
43.4097E+0,1.8332E-9,38.1467E+0,001C0360,
43.5028E+0,1.8257E-9,38.1469E+0,001C0360,
43.5959E+0,1.8165E-9,38.1466E+0,001C0360,
43.6890E+0,1.8278E-9,38.1466E+0,001C0360,
43.7821E+0,1.8357E-9,38.1466E+0,001C0360,
43.8752E+0,1.8324E-9,38.1465E+0,001C0360,
43.9682E+0,1.8333E-9,38.1464E+0,001C0360,
44.0613E+0,1.8251E-9,38.1471E+0,001C0360,
44.1544E+0,1.8370E-9,38.1470E+0,001C0360,
44.2475E+0,1.8146E-9,38.1467E+0,001C0360,
44.3406E+0,1.8416E-9,38.1470E+0,001C0360,
44.4337E+0,1.8143E-9,38.1466E+0,001C0360,
44.5268E+0,1.8091E-9,38.1465E+0,001C0360,
44.6199E+0,1.8224E-9,38.1467E+0,001C0360,
44.7130E+0,1.8361E-9,38.1465E+0,001C0360,
44.8061E+0,1.8209E-9,38.1464E+0,001C0360,
44.8992E+0,1.8201E-9,38.1468E+0,001C0360,
44.9922E+0,1.8104E-9,38.1465E+0,001C0360,
45.0853E+0,1.8352E-9,38.1465E+0,001C0360,
45.1784E+0,1.8213E-9,38.1465E+0,001C0360,
45.2715E+0,1.8105E-9,38.1465E+0,001C0360,
45.3645E+0,1.8017E-9,38.1465E+0,001C0360,
45.4576E+0,1.8198E-9,38.1467E+0,001C0360,
45.5507E+0,1.8058E-9,38.1465E+0,001C0360,
45.6438E+0,1.8087E-9,38.1467E+0,001C0360,
45.7369E+0,1.8072E-9,38.1466E+0,001C0360,
45.8299E+0,1.7887E-9,38.1465E+0,001C0360,
45.9230E+0,1.8082E-9,38.1461E+0,001C0360,
46.0161E+0,1.8035E-9,38.1464E+0,001C0360,
46.1092E+0,1.7936E-9,38.1463E+0,001C0360,
46.2023E+0,1.8040E-9,38.1461E+0,001C0360,
46.2954E+0,1.8190E-9,38.1462E+0,001C0360,
46.3885E+0,1.8041E-9,38.1461E+0,001C0360,
46.4816E+0,1.7972E-9,38.1461E+0,001C0360,
46.5746E+0,1.8009E-9,38.1463E+0,001C0360,
46.6677E+0,1.7978E-9,38.1465E+0,001C0360,
46.7608E+0,1.7911E-9,38.1462E+0,001C0360,
46.8539E+0,1.7961E-9,38.1463E+0,001C0360,
46.9470E+0,1.7929E-9,38.1462E+0,001C0360,
47.0401E+0,1.7783E-9,38.1461E+0,001C0360,
47.1331E+0,1.7850E-9,38.1466E+0,001C0360,
47.2262E+0,1.7819E-9,38.1463E+0,001C0360,
47.3193E+0,1.7812E-9,38.1462E+0,001C0360,
47.4124E+0,1.7968E-9,38.1464E+0,001C0360,
47.5055E+0,1.7871E-9,38.1462E+0,001C0360,
47.5985E+0,1.7822E-9,38.1463E+0,001C0360,
47.6916E+0,1.7927E-9,38.1467E+0,001C0360,
47.7847E+0,1.8042E-9,38.1462E+0,001C0360,
47.8778E+0,1.7807E-9,38.1463E+0,001C0360,
47.9709E+0,1.7756E-9,38.1463E+0,001C0360,
48.0640E+0,1.7776E-9,38.1462E+0,001C0360,
48.1571E+0,1.7829E-9,38.1461E+0,001C0360,
48.2502E+0,1.7810E-9,38.1462E+0,001C0360,
48.3432E+0,1.7718E-9,38.1463E+0,001C0360,
48.4363E+0,1.7657E-9,38.1461E+0,001C0360,
48.5294E+0,1.7828E-9,38.1462E+0,001C0360,
48.6225E+0,1.7553E-9,38.1461E+0,001C0360,
48.7157E+0,1.7668E-9,38.1460E+0,001C0360,
48.8087E+0,1.7802E-9,38.1463E+0,001C0360,
48.9018E+0,1.7558E-9,38.1460E+0,001C0360,
48.9949E+0,1.7600E-9,38.1460E+0,001C0360,
49.0880E+0,1.7720E-9,38.1463E+0,001C0360,
49.1811E+0,1.7669E-9,38.1464E+0,001C0360,
49.2742E+0,1.7617E-9,38.1464E+0,001C0360,
49.3673E+0,1.7704E-9,38.1465E+0,001C0360,
49.4604E+0,1.7684E-9,38.1462E+0,001C0360,
49.5535E+0,1.7514E-9,38.1461E+0,001C0360,
49.6466E+0,1.7568E-9,38.1467E+0,001C0360,
49.7397E+0,1.7561E-9,38.1464E+0,001C0360,
49.8327E+0,1.7481E-9,38.1462E+0,001C0360,
49.9258E+0,1.7631E-9,38.1465E+0,001C0360,
50.0189E+0,1.7526E-9,38.1462E+0,001C0360,
50.1120E+0,1.7521E-9,38.1464E+0,001C0360,
50.2051E+0,1.7536E-9,38.1465E+0,001C0360,
50.2982E+0,1.7598E-9,38.1463E+0,001C0360,
50.3913E+0,1.7544E-9,38.1462E+0,001C0360,
50.4844E+0,1.7582E-9,38.1466E+0,001C0360,
50.5774E+0,1.7534E-9,38.1463E+0,001C0360,
50.6705E+0,1.7369E-9,38.1462E+0,001C0360,
50.7636E+0,1.7418E-9,38.1464E+0,001C0360,
50.8567E+0,1.7400E-9,38.1464E+0,001C0360,
50.9498E+0,1.7346E-9,38.1460E+0,001C0360,
51.0429E+0,1.7479E-9,38.1460E+0,001C0360,
51.1360E+0,1.7521E-9,38.1461E+0,001C0360,
51.2291E+0,1.7373E-9,38.1459E+0,001C0360,
51.3222E+0,1.7319E-9,38.1461E+0,001C0360,
51.4153E+0,1.7312E-9,38.1460E+0,001C0360,
51.5084E+0,1.7444E-9,38.1459E+0,001C0360,
51.6015E+0,1.7506E-9,38.1462E+0,001C0360,
51.6946E+0,1.7426E-9,38.1460E+0,001C0360,
51.7877E+0,1.7331E-9,38.1459E+0,001C0360,
51.8808E+0,1.7380E-9,38.1461E+0,001C0360,
51.9739E+0,1.7241E-9,38.1461E+0,001C0360,
52.0670E+0,1.7303E-9,38.1459E+0,001C0360,
52.1601E+0,1.7456E-9,38.1461E+0,001C0360,
52.2532E+0,1.7327E-9,38.1460E+0,001C0360,
52.3462E+0,1.7275E-9,38.1459E+0,001C0360,
52.4393E+0,1.7310E-9,38.1460E+0,001C0360,
52.5324E+0,1.7175E-9,38.1459E+0,001C0360,
52.6255E+0,1.7183E-9,38.1460E+0,001C0360,
52.7186E+0,1.7131E-9,38.1460E+0,001C0360,
52.8117E+0,1.7066E-9,38.1461E+0,001C0360,
52.9048E+0,1.7210E-9,38.1460E+0,001C0360,
52.9979E+0,1.7232E-9,38.1459E+0,001C0360,
53.0910E+0,1.7289E-9,38.1459E+0,001C0360,
53.1841E+0,1.7224E-9,38.1458E+0,001C0360,
53.2772E+0,1.7211E-9,38.1462E+0,001C0360,
53.3703E+0,1.7081E-9,38.1459E+0,001C0360,
53.4634E+0,1.6950E-9,38.1459E+0,001C0360,
53.5565E+0,1.7287E-9,38.1457E+0,001C0360,
53.6495E+0,1.7308E-9,38.1459E+0,001C0360,
53.7427E+0,1.7258E-9,38.1456E+0,001C0360,
53.8358E+0,1.7199E-9,38.1460E+0,001C0360,
53.9289E+0,1.7039E-9,38.1458E+0,001C0360,
54.0220E+0,1.7133E-9,38.1457E+0,001C0360,
54.1151E+0,1.7234E-9,38.1459E+0,001C0360,
54.2082E+0,1.7154E-9,38.1461E+0,001C0360,
54.3012E+0,1.7114E-9,38.1458E+0,001C0360,
54.3943E+0,1.7015E-9,38.1462E+0,001C0360,
54.4874E+0,1.6945E-9,38.1459E+0,001C0360,
54.5805E+0,1.6901E-9,38.1456E+0,001C0360,
54.6736E+0,1.7045E-9,38.1459E+0,001C0360,
54.7667E+0,1.6981E-9,38.1457E+0,001C0360,
54.8598E+0,1.7108E-9,38.1456E+0,001C0360,
54.9529E+0,1.7034E-9,38.1458E+0,001C0360,
55.0460E+0,1.6840E-9,38.1456E+0,001C0360,
55.1391E+0,1.6921E-9,38.1456E+0,001C0360,
55.2322E+0,1.6996E-9,38.1462E+0,001C0360,
55.3253E+0,1.6890E-9,38.1457E+0,001C0360,
55.4184E+0,1.6963E-9,38.1456E+0,001C0360,
55.5115E+0,1.6980E-9,38.1458E+0,001C0360,
55.6046E+0,1.7077E-9,38.1458E+0,001C0360,
55.6977E+0,1.6930E-9,38.1455E+0,001C0360,
55.7907E+0,1.7037E-9,38.1455E+0,001C0360,
55.8839E+0,1.6888E-9,38.1455E+0,001C0360,
55.9770E+0,1.6872E-9,38.1455E+0,001C0360,
56.0701E+0,1.6945E-9,38.1455E+0,001C0360,
56.1632E+0,1.6997E-9,38.1454E+0,001C0360,
56.2563E+0,1.6955E-9,38.1454E+0,001C0360,
56.3494E+0,1.6785E-9,38.1455E+0,001C0360,
56.4425E+0,1.6835E-9,38.1455E+0,001C0360,
56.5356E+0,1.6817E-9,38.1454E+0,001C0360,
56.6287E+0,1.6873E-9,38.1456E+0,001C0360,
56.7218E+0,1.6818E-9,38.1454E+0,001C0360,
56.8149E+0,1.6844E-9,38.1452E+0,001C0360,
56.9080E+0,1.6779E-9,38.1454E+0,001C0360,
57.0011E+0,1.6938E-9,38.1452E+0,001C0360,
57.0942E+0,1.6778E-9,38.1456E+0,001C0360,
57.1873E+0,1.6715E-9,38.1454E+0,001C0360,
57.2804E+0,1.6864E-9,38.1453E+0,001C0360,
57.3735E+0,1.6862E-9,38.1454E+0,001C0360,
57.4666E+0,1.6825E-9,38.1452E+0,001C0360,
57.5597E+0,1.6754E-9,38.1452E+0,001C0360,
57.6529E+0,1.6889E-9,38.1452E+0,001C0360,
57.7459E+0,1.6710E-9,38.1451E+0,001C0360,
57.8390E+0,1.6816E-9,38.1451E+0,001C0360,
57.9321E+0,1.6873E-9,38.1453E+0,001C0360,
58.0252E+0,1.6723E-9,38.1454E+0,001C0360,
58.1183E+0,1.6611E-9,38.1451E+0,001C0360,
58.2114E+0,1.6792E-9,38.1459E+0,001C0360,
58.3045E+0,1.6669E-9,38.1453E+0,001C0360,
58.3976E+0,1.6575E-9,38.1453E+0,001C0360,
58.4907E+0,1.6665E-9,38.1455E+0,001C0360,
58.5838E+0,1.6804E-9,38.1452E+0,001C0360,
58.6770E+0,1.6599E-9,38.1451E+0,001C0360,
58.7701E+0,1.6761E-9,38.1456E+0,001C0360,
58.8632E+0,1.6588E-9,38.1453E+0,001C0360,
58.9563E+0,1.6641E-9,38.1452E+0,001C0360,
59.0494E+0,1.6598E-9,38.1455E+0,001C0360,
59.1425E+0,1.6567E-9,38.1453E+0,001C0360,
59.2356E+0,1.6710E-9,38.1457E+0,001C0360,
59.3287E+0,1.6777E-9,38.1456E+0,001C0360,
59.4218E+0,1.6726E-9,38.1453E+0,001C0360,
59.5149E+0,1.6668E-9,38.1452E+0,001C0360,
59.6080E+0,1.6459E-9,38.1452E+0,001C0360,
59.7011E+0,1.6307E-9,38.1453E+0,001C0360,
59.7943E+0,1.6252E-9,38.1452E+0,001C0360,
59.8874E+0,1.6268E-9,38.1455E+0,001C0360,
59.9805E+0,1.6038E-9,38.1451E+0,001C0360,
60.0736E+0,1.6094E-9,38.1453E+0,001C0360,
60.1666E+0,1.6008E-9,38.1457E+0,001C0360,
60.2598E+0,1.5772E-9,38.1454E+0,001C0360,
60.3529E+0,1.5696E-9,38.1453E+0,001C0360,
60.4460E+0,1.5529E-9,38.1454E+0,001C0360,
60.5391E+0,1.5388E-9,38.1454E+0,001C0360,
60.6322E+0,1.5374E-9,38.1454E+0,001C0360,
60.7253E+0,1.5284E-9,38.1459E+0,001C0360,
60.8184E+0,1.5191E-9,38.1456E+0,001C0360,
60.9115E+0,1.5045E-9,38.1454E+0,001C0360,
61.0046E+0,1.5193E-9,38.1456E+0,001C0360,
61.0977E+0,1.4948E-9,38.1457E+0,001C0360,
61.1908E+0,1.4852E-9,38.1454E+0,001C0360,
61.2839E+0,1.4853E-9,38.1456E+0,001C0360,
61.3770E+0,1.4804E-9,38.1455E+0,001C0360,
61.4701E+0,1.4639E-9,38.1455E+0,001C0360,
61.5632E+0,1.4732E-9,38.1465E+0,001C0360,
61.6563E+0,1.4725E-9,38.1458E+0,001C0360,
61.7494E+0,1.4555E-9,38.1456E+0,001C0360,
61.8425E+0,1.4544E-9,38.1458E+0,001C0360,
61.9357E+0,1.4572E-9,38.1458E+0,001C0360,
62.0288E+0,1.4608E-9,38.1457E+0,001C0360,
62.1219E+0,1.4540E-9,38.1457E+0,001C0360,
62.2150E+0,1.4513E-9,38.1455E+0,001C0360,
62.3081E+0,1.4468E-9,38.1456E+0,001C0360,
62.4012E+0,1.4308E-9,38.1458E+0,001C0360,
62.4943E+0,1.4464E-9,38.1457E+0,001C0360,
62.5875E+0,1.4538E-9,38.1456E+0,001C0360,
62.6806E+0,1.4500E-9,38.1456E+0,001C0360,
62.7737E+0,1.4389E-9,38.1456E+0,001C0360,
62.8668E+0,1.4482E-9,38.1457E+0,001C0360,
62.9599E+0,1.4610E-9,38.1456E+0,001C0360,
63.0531E+0,1.4498E-9,38.1457E+0,001C0360,
63.1462E+0,1.4519E-9,38.1455E+0,001C0360,
63.2393E+0,1.4541E-9,38.1459E+0,001C0360,
63.3324E+0,1.4407E-9,38.1457E+0,001C0360,
63.4255E+0,1.4334E-9,38.1455E+0,001C0360,
63.5186E+0,1.4617E-9,38.1457E+0,001C0360,
63.6117E+0,1.4449E-9,38.1456E+0,001C0360,
63.7048E+0,1.4459E-9,38.1456E+0,001C0360,
63.7979E+0,1.4446E-9,38.1457E+0,001C0360,
63.8910E+0,1.4411E-9,38.1456E+0,001C0360,
63.9841E+0,1.4405E-9,38.1455E+0,001C0360,
64.0772E+0,1.4442E-9,38.1458E+0,001C0360,
64.1703E+0,1.4514E-9,38.1456E+0,001C0360,
64.2635E+0,1.4439E-9,38.1458E+0,001C0360,
64.3565E+0,1.4388E-9,38.1459E+0,001C0360,
64.4496E+0,1.4295E-9,38.1456E+0,001C0360,
64.5427E+0,1.4359E-9,38.1457E+0,001C0360,
64.6358E+0,1.4507E-9,38.1460E+0,001C0360,
64.7290E+0,1.4382E-9,38.1459E+0,001C0360,
64.8221E+0,1.4275E-9,38.1456E+0,001C0360,
64.9152E+0,1.4389E-9,38.1458E+0,001C0360,
65.0083E+0,1.4260E-9,38.1457E+0,001C0360,
65.1014E+0,1.4301E-9,38.1457E+0,001C0360,
65.1945E+0,1.4343E-9,38.1460E+0,001C0360,
65.2877E+0,1.4320E-9,38.1457E+0,001C0360,
65.3808E+0,1.4300E-9,38.1458E+0,001C0360,
65.4739E+0,1.4422E-9,38.1458E+0,001C0360,
65.5670E+0,1.3997E-9,38.1457E+0,001C0360,
65.6601E+0,1.4364E-9,38.1457E+0,001C0360,
65.7532E+0,1.4426E-9,38.1460E+0,001C0360,
65.8463E+0,1.4128E-9,38.1457E+0,001C0360,
65.9395E+0,1.4309E-9,38.1454E+0,001C0360,
66.0326E+0,1.4345E-9,38.1460E+0,001C0360,
66.1257E+0,1.4216E-9,38.1454E+0,001C0360,
66.2188E+0,1.4333E-9,38.1454E+0,001C0360,
66.3119E+0,1.4300E-9,38.1456E+0,001C0360,
66.4050E+0,1.4296E-9,38.1454E+0,001C0360,
66.4981E+0,1.4247E-9,38.1453E+0,001C0360,
66.5913E+0,1.4236E-9,38.1455E+0,001C0360,
66.6844E+0,1.4212E-9,38.1452E+0,001C0360,
66.7775E+0,1.4189E-9,38.1453E+0,001C0360,
66.8706E+0,1.4272E-9,38.1456E+0,001C0360,
66.9637E+0,1.4274E-9,38.1452E+0,001C0360,
67.0569E+0,1.4279E-9,38.1454E+0,001C0360,
67.1500E+0,1.4335E-9,38.1455E+0,001C0360,
67.2431E+0,1.4162E-9,38.1453E+0,001C0360,
67.3362E+0,1.4237E-9,38.1453E+0,001C0360,
67.4294E+0,1.4212E-9,38.1456E+0,001C0360,
67.5225E+0,1.4271E-9,38.1454E+0,001C0360,
67.6156E+0,1.4221E-9,38.1451E+0,001C0360,
67.7087E+0,1.4220E-9,38.1458E+0,001C0360,
67.8018E+0,1.4280E-9,38.1454E+0,001C0360,
67.8949E+0,1.4250E-9,38.1453E+0,001C0360,
67.9880E+0,1.4110E-9,38.1455E+0,001C0360,
68.0811E+0,1.3804E-9,38.1454E+0,001C0360,
68.1742E+0,1.4048E-9,38.1453E+0,001C0360,
68.2674E+0,1.4254E-9,38.1454E+0,001C0360,
68.3605E+0,1.4119E-9,38.1452E+0,001C0360,
68.4536E+0,1.4123E-9,38.1451E+0,001C0360,
68.5467E+0,1.4163E-9,38.1457E+0,001C0360,
68.6398E+0,1.4038E-9,38.1452E+0,001C0360,
68.7330E+0,1.4118E-9,38.1453E+0,001C0360,
68.8261E+0,1.4168E-9,38.1460E+0,001C0360,
68.9192E+0,1.4169E-9,38.1453E+0,001C0360,
69.0123E+0,1.4064E-9,38.1452E+0,001C0360,
69.1054E+0,1.4129E-9,38.1455E+0,001C0360,
69.1985E+0,1.3958E-9,38.1453E+0,001C0360,
69.2916E+0,1.4068E-9,38.1454E+0,001C0360,
69.3848E+0,1.4205E-9,38.1458E+0,001C0360,
69.4779E+0,1.4048E-9,38.1454E+0,001C0360,
69.5710E+0,1.4137E-9,38.1454E+0,001C0360,
69.6641E+0,1.4038E-9,38.1455E+0,001C0360,
69.7572E+0,1.4035E-9,38.1453E+0,001C0360,
69.8504E+0,1.4034E-9,38.1451E+0,001C0360,
69.9435E+0,1.3992E-9,38.1455E+0,001C0360,
70.0366E+0,1.3843E-9,38.1452E+0,001C0360,
70.1298E+0,1.3967E-9,38.1450E+0,001C0360,
70.2229E+0,1.4065E-9,38.1454E+0,001C0360,
70.3160E+0,1.3794E-9,38.1452E+0,001C0360,
70.4091E+0,1.4086E-9,38.1451E+0,001C0360,
70.5022E+0,1.4019E-9,38.1454E+0,001C0360,
70.5954E+0,1.4001E-9,38.1452E+0,001C0360,
70.6885E+0,1.3993E-9,38.1452E+0,001C0360,
70.7816E+0,1.4082E-9,38.1454E+0,001C0360,
70.8747E+0,1.3971E-9,38.1452E+0,001C0360,
70.9678E+0,1.3945E-9,38.1450E+0,001C0360,
71.0610E+0,1.4038E-9,38.1452E+0,001C0360,
71.1541E+0,1.3847E-9,38.1451E+0,001C0360,
71.2472E+0,1.3850E-9,38.1450E+0,001C0360,
71.3403E+0,1.3998E-9,38.1450E+0,001C0360,
71.4334E+0,1.4049E-9,38.1450E+0,001C0360,
71.5266E+0,1.3967E-9,38.1451E+0,001C0360,
71.6197E+0,1.3943E-9,38.1454E+0,001C0360,
71.7128E+0,1.3916E-9,38.1453E+0,001C0360,
71.8060E+0,1.3778E-9,38.1450E+0,001C0360,
71.8991E+0,1.4009E-9,38.1452E+0,001C0360,
71.9922E+0,1.3895E-9,38.1450E+0,001C0360,
72.0853E+0,1.3900E-9,38.1450E+0,001C0360,
72.1784E+0,1.3913E-9,38.1454E+0,001C0360,
72.2715E+0,1.3712E-9,38.1450E+0,001C0360,
72.3647E+0,1.3838E-9,38.1450E+0,001C0360,
72.4578E+0,1.3942E-9,38.1450E+0,001C0360,
72.5509E+0,1.3847E-9,38.1450E+0,001C0360,
72.6441E+0,1.3913E-9,38.1449E+0,001C0360,
72.7372E+0,1.3978E-9,38.1449E+0,001C0360,
72.8303E+0,1.3904E-9,38.1449E+0,001C0360,
72.9234E+0,1.3860E-9,38.1450E+0,001C0360,
73.0165E+0,1.3879E-9,38.1452E+0,001C0360,
73.1097E+0,1.3837E-9,38.1450E+0,001C0360,
73.2028E+0,1.3827E-9,38.1448E+0,001C0360,
73.2959E+0,1.3929E-9,38.1449E+0,001C0360,
73.3890E+0,1.3872E-9,38.1447E+0,001C0360,
73.4822E+0,1.3879E-9,38.1447E+0,001C0360,
73.5753E+0,1.3889E-9,38.1448E+0,001C0360,
73.6684E+0,1.3706E-9,38.1448E+0,001C0360,
73.7616E+0,1.3773E-9,38.1448E+0,001C0360,
73.8547E+0,1.3893E-9,38.1449E+0,001C0360,
73.9478E+0,1.3927E-9,38.1448E+0,001C0360,
74.0409E+0,1.3757E-9,38.1447E+0,001C0360,
74.1341E+0,1.3754E-9,38.1451E+0,001C0360,
74.2272E+0,1.3688E-9,38.1451E+0,001C0360,
74.3203E+0,1.3806E-9,38.1452E+0,001C0360,
74.4134E+0,1.3944E-9,38.1450E+0,001C0360,
74.5065E+0,1.3769E-9,38.1448E+0,001C0360,
74.5997E+0,1.3752E-9,38.1447E+0,001C0360,
74.6928E+0,1.3824E-9,38.1452E+0,001C0360,
74.7859E+0,1.3698E-9,38.1448E+0,001C0360,
74.8791E+0,1.3720E-9,38.1447E+0,001C0360,
74.9722E+0,1.3832E-9,38.1450E+0,001C0360,
75.0653E+0,1.3873E-9,38.1448E+0,001C0360,
75.1584E+0,1.3700E-9,38.1445E+0,001C0360,
75.2515E+0,1.3710E-9,38.1448E+0,001C0360,
75.3447E+0,1.3680E-9,38.1448E+0,001C0360,
75.4378E+0,1.3722E-9,38.1445E+0,001C0360,
75.5309E+0,1.3863E-9,38.1450E+0,001C0360,
75.6240E+0,1.3645E-9,38.1450E+0,001C0360,
75.7171E+0,1.3702E-9,38.1448E+0,001C0360,
75.8103E+0,1.3637E-9,38.1448E+0,001C0360,
75.9034E+0,1.3570E-9,38.1446E+0,001C0360,
75.9965E+0,1.3696E-9,38.1444E+0,001C0360,
76.0896E+0,1.3606E-9,38.1446E+0,001C0360,
76.1827E+0,1.3618E-9,38.1445E+0,001C0360,
76.2758E+0,1.3649E-9,38.1443E+0,001C0360,
76.3689E+0,1.3673E-9,38.1445E+0,001C0360,
76.4620E+0,1.3561E-9,38.1445E+0,001C0360,
76.5551E+0,1.3496E-9,38.1444E+0,001C0360,
76.6481E+0,1.3693E-9,38.1445E+0,001C0360,
76.7412E+0,1.3576E-9,38.1444E+0,001C0360,
76.8343E+0,1.3609E-9,38.1443E+0,001C0360,
76.9274E+0,1.3695E-9,38.1448E+0,001C0360,
77.0205E+0,1.3534E-9,38.1445E+0,001C0360,
77.1136E+0,1.3743E-9,38.1447E+0,001C0360,
77.2067E+0,1.3709E-9,38.1445E+0,001C0360,
77.2998E+0,1.3498E-9,38.1444E+0,001C0360,
77.3929E+0,1.3529E-9,38.1443E+0,001C0360,
77.4860E+0,1.3637E-9,38.1444E+0,001C0360,
77.5791E+0,1.3755E-9,38.1446E+0,001C0360,
77.6721E+0,1.3491E-9,38.1445E+0,001C0360,
77.7653E+0,1.3624E-9,38.1449E+0,001C0360,
77.8584E+0,1.3428E-9,38.1447E+0,001C0360,
77.9515E+0,1.3495E-9,38.1444E+0,001C0360,
78.0446E+0,1.3487E-9,38.1447E+0,001C0360,
78.1377E+0,1.3611E-9,38.1445E+0,001C0360,
78.2309E+0,1.3515E-9,38.1444E+0,001C0360,
78.3239E+0,1.3583E-9,38.1448E+0,001C0360,
78.4171E+0,1.3387E-9,38.1449E+0,001C0360,
78.5102E+0,1.3511E-9,38.1444E+0,001C0360,
78.6032E+0,1.3601E-9,38.1447E+0,001C0360,
78.6964E+0,1.3616E-9,38.1446E+0,001C0360,
78.7895E+0,1.3507E-9,38.1444E+0,001C0360,
78.8826E+0,1.3546E-9,38.1447E+0,001C0360,
78.9757E+0,1.3409E-9,38.1446E+0,001C0360,
79.0688E+0,1.3377E-9,38.1445E+0,001C0360,
79.1619E+0,1.3648E-9,38.1452E+0,001C0360,
79.2550E+0,1.3490E-9,38.1448E+0,001C0360,
79.3481E+0,1.3466E-9,38.1450E+0,001C0360,
79.4412E+0,1.3409E-9,38.1453E+0,001C0360,
79.5343E+0,1.3326E-9,38.1449E+0,001C0360,
79.6275E+0,1.3386E-9,38.1446E+0,001C0360,
79.7206E+0,1.3431E-9,38.1449E+0,001C0360,
79.8137E+0,1.3267E-9,38.1448E+0,001C0360,
79.9069E+0,1.3449E-9,38.1446E+0,001C0360,
79.9999E+0,1.3517E-9,38.1448E+0,001C0360,
80.0931E+0,1.3359E-9,38.1446E+0,001C0360,
80.1861E+0,1.3359E-9,38.1446E+0,001C0360,
80.2792E+0,1.3525E-9,38.1449E+0,001C0360,
80.3724E+0,1.3428E-9,38.1447E+0,001C0360,
80.4654E+0,1.3393E-9,38.1449E+0,001C0360,
80.5586E+0,1.3378E-9,38.1449E+0,001C0360,
80.6517E+0,1.3303E-9,38.1445E+0,001C0360,
80.7448E+0,1.3477E-9,38.1444E+0,001C0360,
80.8379E+0,1.3424E-9,38.1448E+0,001C0360,
80.9310E+0,1.3266E-9,38.1446E+0,001C0360,
81.0241E+0,1.3372E-9,38.1444E+0,001C0360,
81.1172E+0,1.3391E-9,38.1447E+0,001C0360,
81.2103E+0,1.3483E-9,38.1445E+0,001C0360,
81.3034E+0,1.3300E-9,38.1441E+0,001C0360,
81.3965E+0,1.3342E-9,38.1444E+0,001C0360,
81.4896E+0,1.3394E-9,38.1447E+0,001C0360,
81.5827E+0,1.3436E-9,38.1443E+0,001C0360,
81.6758E+0,1.3452E-9,38.1448E+0,001C0360,
81.7689E+0,1.3461E-9,38.1444E+0,001C0360,
81.8620E+0,1.3402E-9,38.1443E+0,001C0360,
81.9551E+0,1.3378E-9,38.1443E+0,001C0360,
82.0482E+0,1.3214E-9,38.1443E+0,001C0360,
82.1413E+0,1.3329E-9,38.1442E+0,001C0360,
82.2344E+0,1.3337E-9,38.1443E+0,001C0360,
82.3275E+0,1.3370E-9,38.1442E+0,001C0360,
82.4206E+0,1.3451E-9,38.1443E+0,001C0360,
82.5137E+0,1.3245E-9,38.1447E+0,001C0360,
82.6068E+0,1.3270E-9,38.1443E+0,001C0360,
82.6999E+0,1.3350E-9,38.1442E+0,001C0360,
82.7930E+0,1.3252E-9,38.1443E+0,001C0360,
82.8861E+0,1.3238E-9,38.1441E+0,001C0360,
82.9792E+0,1.3240E-9,38.1442E+0,001C0360,
83.0723E+0,1.3204E-9,38.1441E+0,001C0360,
83.1653E+0,1.3242E-9,38.1441E+0,001C0360,
83.2584E+0,1.3221E-9,38.1439E+0,001C0360,
83.3515E+0,1.3126E-9,38.1442E+0,001C0360,
83.4446E+0,1.3075E-9,38.1441E+0,001C0360,
83.5377E+0,1.3153E-9,38.1442E+0,001C0360,
83.6308E+0,1.3261E-9,38.1441E+0,001C0360,
83.7239E+0,1.3115E-9,38.1442E+0,001C0360,
83.8170E+0,1.3156E-9,38.1440E+0,001C0360,
83.9101E+0,1.3259E-9,38.1445E+0,001C0360,
84.0032E+0,1.3245E-9,38.1441E+0,001C0360,
84.0963E+0,1.3136E-9,38.1442E+0,001C0360,
84.1894E+0,1.3214E-9,38.1446E+0,001C0360,
84.2825E+0,1.3189E-9,38.1442E+0,001C0360,
84.3755E+0,1.3272E-9,38.1446E+0,001C0360,
84.4687E+0,1.3099E-9,38.1442E+0,001C0360,
84.5617E+0,1.3171E-9,38.1442E+0,001C0360,
84.6548E+0,1.3211E-9,38.1441E+0,001C0360,
84.7479E+0,1.3203E-9,38.1444E+0,001C0360,
84.8410E+0,1.3081E-9,38.1442E+0,001C0360,
84.9341E+0,1.3090E-9,38.1441E+0,001C0360,
85.0272E+0,1.3063E-9,38.1444E+0,001C0360,
85.1203E+0,1.3021E-9,38.1445E+0,001C0360,
85.2134E+0,1.3167E-9,38.1443E+0,001C0360,
85.3065E+0,1.3127E-9,38.1444E+0,001C0360,
85.3996E+0,1.3175E-9,38.1444E+0,001C0360,
85.4927E+0,1.3085E-9,38.1442E+0,001C0360,
85.5858E+0,1.3141E-9,38.1445E+0,001C0360,
85.6789E+0,1.3036E-9,38.1446E+0,001C0360,
85.7720E+0,1.3066E-9,38.1442E+0,001C0360,
85.8650E+0,1.3143E-9,38.1446E+0,001C0360,
85.9581E+0,1.3180E-9,38.1443E+0,001C0360,
86.0512E+0,1.2996E-9,38.1441E+0,001C0360,
86.1443E+0,1.3097E-9,38.1443E+0,001C0360,
86.2374E+0,1.3000E-9,38.1440E+0,001C0360,
86.3305E+0,1.2862E-9,38.1439E+0,001C0360,
86.4236E+0,1.3084E-9,38.1444E+0,001C0360,
86.5167E+0,1.3079E-9,38.1441E+0,001C0360,
86.6098E+0,1.3014E-9,38.1439E+0,001C0360,
86.7029E+0,1.3037E-9,38.1440E+0,001C0360,
86.7960E+0,1.3025E-9,38.1439E+0,001C0360,
86.8891E+0,1.2912E-9,38.1440E+0,001C0360,
86.9822E+0,1.3045E-9,38.1441E+0,001C0360,
87.0753E+0,1.2967E-9,38.1440E+0,001C0360,
87.1684E+0,1.3034E-9,38.1441E+0,001C0360,
87.2615E+0,1.2988E-9,38.1439E+0,001C0360,
87.3546E+0,1.2907E-9,38.1440E+0,001C0360,
87.4477E+0,1.2974E-9,38.1437E+0,001C0360,
87.5408E+0,1.2786E-9,38.1440E+0,001C0360,
87.6339E+0,1.2967E-9,38.1439E+0,001C0360,
87.7270E+0,1.2924E-9,38.1438E+0,001C0360,
87.8201E+0,1.2937E-9,38.1441E+0,001C0360,
87.9132E+0,1.2921E-9,38.1440E+0,001C0360,
88.0063E+0,1.2993E-9,38.1441E+0,001C0360,
88.0994E+0,1.2785E-9,38.1441E+0,001C0360,
88.1925E+0,1.2923E-9,38.1441E+0,001C0360,
88.2856E+0,1.2935E-9,38.1440E+0,001C0360,
88.3786E+0,1.2951E-9,38.1441E+0,001C0360,
88.4718E+0,1.2897E-9,38.1440E+0,001C0360,
88.5649E+0,1.2987E-9,38.1439E+0,001C0360,
88.6580E+0,1.3034E-9,38.1439E+0,001C0360,
88.7511E+0,1.2944E-9,38.1438E+0,001C0360,
88.8442E+0,1.2956E-9,38.1439E+0,001C0360,
88.9373E+0,1.2985E-9,38.1442E+0,001C0360,
89.0304E+0,1.3094E-9,38.1440E+0,001C0360,
89.1235E+0,1.2973E-9,38.1441E+0,001C0360,
89.2166E+0,1.3040E-9,38.1447E+0,001C0360,
89.3097E+0,1.2936E-9,38.1444E+0,001C0360,
89.4027E+0,1.3391E-9,38.1444E+0,001C0360,
89.4958E+0,1.2814E-9,38.1441E+0,001C0360,
89.5889E+0,1.2839E-9,38.1440E+0,001C0360,
89.6820E+0,1.2857E-9,38.1440E+0,001C0360,
89.7752E+0,1.3020E-9,38.1443E+0,001C0360,
89.8682E+0,1.2892E-9,38.1440E+0,001C0360,
89.9613E+0,1.2961E-9,38.1438E+0,001C0360,
90.0544E+0,1.2925E-9,38.1441E+0,001C0360,
90.1475E+0,1.3043E-9,38.1441E+0,001C0360,
90.2406E+0,1.3232E-9,38.1440E+0,001C0360,
90.3337E+0,1.3338E-9,38.1440E+0,001C0360,
90.4268E+0,1.3226E-9,38.1440E+0,001C0360,
90.5199E+0,1.3342E-9,38.1441E+0,001C0360,
90.6130E+0,1.3331E-9,38.1441E+0,001C0360,
90.7061E+0,1.3485E-9,38.1441E+0,001C0360,
90.7992E+0,1.3600E-9,38.1438E+0,001C0360,
90.8923E+0,1.3700E-9,38.1441E+0,001C0360,
90.9854E+0,1.3742E-9,38.1438E+0,001C0360,
91.0785E+0,1.3880E-9,38.1436E+0,001C0360,
91.1717E+0,1.4057E-9,38.1440E+0,001C0360,
91.2647E+0,1.3971E-9,38.1435E+0,001C0360,
91.3578E+0,1.4213E-9,38.1436E+0,001C0360,
91.4510E+0,1.4218E-9,38.1436E+0,001C0360,
91.5441E+0,1.4279E-9,38.1438E+0,001C0360,
91.6372E+0,1.4389E-9,38.1434E+0,001C0360,
91.7303E+0,1.4432E-9,38.1437E+0,001C0360,
91.8234E+0,1.4583E-9,38.1435E+0,001C0360,
91.9165E+0,1.4599E-9,38.1432E+0,001C0360,
92.0096E+0,1.4788E-9,38.1438E+0,001C0360,
92.1027E+0,1.4782E-9,38.1434E+0,001C0360,
92.1958E+0,1.4811E-9,38.1434E+0,001C0360,
92.2890E+0,1.4857E-9,38.1434E+0,001C0360,
92.3821E+0,1.4788E-9,38.1434E+0,001C0360,
92.4752E+0,1.4718E-9,38.1433E+0,001C0360,
92.5683E+0,1.4664E-9,38.1437E+0,001C0360,
92.6614E+0,1.4705E-9,38.1435E+0,001C0360,
92.7545E+0,1.4753E-9,38.1433E+0,001C0360,
92.8476E+0,1.4731E-9,38.1435E+0,001C0360,
92.9408E+0,1.4867E-9,38.1434E+0,001C0360,
93.0339E+0,1.4719E-9,38.1434E+0,001C0360,
93.1270E+0,1.4589E-9,38.1436E+0,001C0360,
93.2201E+0,1.4382E-9,38.1434E+0,001C0360,
93.3132E+0,1.4582E-9,38.1431E+0,001C0360,
93.4063E+0,1.4830E-9,38.1434E+0,001C0360,
93.4994E+0,1.4516E-9,38.1432E+0,001C0360,
93.5925E+0,1.4445E-9,38.1430E+0,001C0360,
93.6857E+0,1.4614E-9,38.1436E+0,001C0360,
93.7788E+0,1.4454E-9,38.1430E+0,001C0360,
93.8719E+0,1.4537E-9,38.1431E+0,001C0360,
93.9650E+0,1.4597E-9,38.1433E+0,001C0360,
94.0581E+0,1.4531E-9,38.1433E+0,001C0360,
94.1512E+0,1.4406E-9,38.1431E+0,001C0360,
94.2443E+0,1.4547E-9,38.1435E+0,001C0360,
94.3374E+0,1.4355E-9,38.1434E+0,001C0360,
94.4306E+0,1.4363E-9,38.1436E+0,001C0360,
94.5237E+0,1.4417E-9,38.1435E+0,001C0360,
94.6167E+0,1.4425E-9,38.1433E+0,001C0360,
94.7099E+0,1.4495E-9,38.1434E+0,001C0360,
94.8030E+0,1.4423E-9,38.1434E+0,001C0360,
94.8961E+0,1.4278E-9,38.1432E+0,001C0360,
94.9892E+0,1.4382E-9,38.1432E+0,001C0360,
95.0823E+0,1.4459E-9,38.1433E+0,001C0360,
95.1755E+0,1.4340E-9,38.1433E+0,001C0360,
95.2686E+0,1.4321E-9,38.1430E+0,001C0360,
95.3617E+0,1.4430E-9,38.1436E+0,001C0360,
95.4548E+0,1.4299E-9,38.1435E+0,001C0360,
95.5479E+0,1.4349E-9,38.1434E+0,001C0360,
95.6410E+0,1.4406E-9,38.1435E+0,001C0360,
95.7341E+0,1.4143E-9,38.1432E+0,001C0360,
95.8273E+0,1.4298E-9,38.1430E+0,001C0360,
95.9204E+0,1.4454E-9,38.1433E+0,001C0360,
96.0135E+0,1.4386E-9,38.1429E+0,001C0360,
96.1066E+0,1.4402E-9,38.1428E+0,001C0360,
96.1997E+0,1.4263E-9,38.1431E+0,001C0360,
96.2929E+0,1.4272E-9,38.1428E+0,001C0360,
96.3860E+0,1.4319E-9,38.1428E+0,001C0360,
96.4791E+0,1.4331E-9,38.1430E+0,001C0360,
96.5722E+0,1.4285E-9,38.1430E+0,001C0360,
96.6653E+0,1.4223E-9,38.1429E+0,001C0360,
96.7584E+0,1.4353E-9,38.1431E+0,001C0360,
96.8515E+0,1.4241E-9,38.1429E+0,001C0360,
96.9447E+0,1.4218E-9,38.1429E+0,001C0360,
97.0378E+0,1.4178E-9,38.1432E+0,001C0360,
97.1309E+0,1.4137E-9,38.1431E+0,001C0360,
97.2241E+0,1.4172E-9,38.1428E+0,001C0360,
97.3172E+0,1.4178E-9,38.1431E+0,001C0360,
97.4103E+0,1.4256E-9,38.1429E+0,001C0360,
97.5034E+0,1.4197E-9,38.1428E+0,001C0360,
97.5965E+0,1.4271E-9,38.1430E+0,001C0360,
97.6897E+0,1.4152E-9,38.1429E+0,001C0360,
97.7828E+0,1.4213E-9,38.1427E+0,001C0360,
97.8760E+0,1.4193E-9,38.1428E+0,001C0360,
97.9691E+0,1.4290E-9,38.1428E+0,001C0360,
98.0622E+0,1.4213E-9,38.1428E+0,001C0360,
98.1553E+0,1.4252E-9,38.1428E+0,001C0360,
98.2484E+0,1.4158E-9,38.1428E+0,001C0360,
98.3416E+0,1.4175E-9,38.1428E+0,001C0360,
98.4347E+0,1.4365E-9,38.1429E+0,001C0360,
98.5278E+0,1.4062E-9,38.1429E+0,001C0360,
98.6209E+0,1.4059E-9,38.1427E+0,001C0360,
98.7140E+0,1.4328E-9,38.1430E+0,001C0360,
98.8072E+0,1.4003E-9,38.1429E+0,001C0360,
98.9003E+0,1.4078E-9,38.1427E+0,001C0360,
98.9934E+0,1.4139E-9,38.1433E+0,001C0360,
99.0865E+0,1.4249E-9,38.1430E+0,001C0360,
99.1797E+0,1.4138E-9,38.1428E+0,001C0360,
99.2728E+0,1.4129E-9,38.1430E+0,001C0360,
99.3659E+0,1.3973E-9,38.1430E+0,001C0360,
99.4591E+0,1.4096E-9,38.1430E+0,001C0360,
99.5522E+0,1.4210E-9,38.1429E+0,001C0360,
99.6453E+0,1.4027E-9,38.1427E+0,001C0360,
99.7384E+0,1.4011E-9,38.1426E+0,001C0360,
99.8315E+0,1.4026E-9,38.1427E+0,001C0360,
99.9247E+0,1.4003E-9,38.1428E+0,001C0360,
100.0178E+0,1.4041E-9,38.1427E+0,001C0360,
100.1110E+0,1.4023E-9,38.1429E+0,001C0360,
100.2041E+0,1.4027E-9,38.1428E+0,001C0360,
100.2972E+0,1.4028E-9,38.1426E+0,001C0360,
100.3904E+0,1.4092E-9,38.1429E+0,001C0360,
100.4835E+0,1.4049E-9,38.1425E+0,001C0360,
100.5766E+0,1.4025E-9,38.1426E+0,001C0360,
100.6697E+0,1.4243E-9,38.1430E+0,001C0360,
100.7628E+0,1.3995E-9,38.1427E+0,001C0360,
100.8559E+0,1.4050E-9,38.1426E+0,001C0360,
100.9491E+0,1.4043E-9,38.1429E+0,001C0360,
101.0422E+0,1.3907E-9,38.1427E+0,001C0360,
101.1353E+0,1.4011E-9,38.1426E+0,001C0360,
101.2284E+0,1.4112E-9,38.1430E+0,001C0360,
101.3216E+0,1.3933E-9,38.1427E+0,001C0360,
101.4147E+0,1.3902E-9,38.1425E+0,001C0360,
101.5078E+0,1.3935E-9,38.1428E+0,001C0360,
101.6009E+0,1.4053E-9,38.1427E+0,001C0360,
101.6941E+0,1.3885E-9,38.1426E+0,001C0360,
101.7872E+0,1.3942E-9,38.1427E+0,001C0360,
101.8803E+0,1.3855E-9,38.1427E+0,001C0360,
101.9735E+0,1.3856E-9,38.1425E+0,001C0360,
102.0666E+0,1.3942E-9,38.1427E+0,001C0360,
102.1598E+0,1.3832E-9,38.1425E+0,001C0360,
102.2529E+0,1.3815E-9,38.1426E+0,001C0360,
102.3460E+0,1.3794E-9,38.1428E+0,001C0360,
102.4391E+0,1.3795E-9,38.1425E+0,001C0360,
102.5323E+0,1.3844E-9,38.1426E+0,001C0360,
102.6254E+0,1.3877E-9,38.1427E+0,001C0360,
102.7185E+0,1.3923E-9,38.1426E+0,001C0360,
102.8117E+0,1.3853E-9,38.1425E+0,001C0360,
102.9048E+0,1.3819E-9,38.1429E+0,001C0360,
102.9979E+0,1.3659E-9,38.1428E+0,001C0360,
103.0910E+0,1.3755E-9,38.1426E+0,001C0360,
103.1842E+0,1.3903E-9,38.1426E+0,001C0360,
103.2773E+0,1.3797E-9,38.1425E+0,001C0360,
103.3704E+0,1.3834E-9,38.1426E+0,001C0360,
103.4635E+0,1.3859E-9,38.1429E+0,001C0360,
103.5566E+0,1.3679E-9,38.1427E+0,001C0360,
103.6497E+0,1.3756E-9,38.1427E+0,001C0360,
103.7429E+0,1.3642E-9,38.1426E+0,001C0360,
103.8360E+0,1.3751E-9,38.1425E+0,001C0360,
103.9291E+0,1.3793E-9,38.1428E+0,001C0360,
104.0223E+0,1.3646E-9,38.1426E+0,001C0360,
104.1154E+0,1.3799E-9,38.1426E+0,001C0360,
104.2085E+0,1.3747E-9,38.1432E+0,001C0360,
104.3016E+0,1.3712E-9,38.1426E+0,001C0360,
104.3948E+0,1.3649E-9,38.1426E+0,001C0360,
104.4879E+0,1.3991E-9,38.1430E+0,001C0360,
104.5810E+0,1.3781E-9,38.1429E+0,001C0360,
104.6741E+0,1.3682E-9,38.1426E+0,001C0360,
104.7673E+0,1.3767E-9,38.1430E+0,001C0360,
104.8604E+0,1.3679E-9,38.1426E+0,001C0360,
104.9535E+0,1.3643E-9,38.1425E+0,001C0360,
105.0466E+0,1.3704E-9,38.1427E+0,001C0360,
105.1398E+0,1.3599E-9,38.1426E+0,001C0360,
105.2329E+0,1.3653E-9,38.1425E+0,001C0360,
105.3260E+0,1.3741E-9,38.1426E+0,001C0360,
105.4192E+0,1.3621E-9,38.1427E+0,001C0360,
105.5123E+0,1.3600E-9,38.1426E+0,001C0360,
105.6054E+0,1.3664E-9,38.1430E+0,001C0360,
105.6985E+0,1.3635E-9,38.1426E+0,001C0360,
105.7917E+0,1.3568E-9,38.1424E+0,001C0360,
105.8848E+0,1.3685E-9,38.1428E+0,001C0360,
105.9779E+0,1.3510E-9,38.1427E+0,001C0360,
106.0711E+0,1.3535E-9,38.1425E+0,001C0360,
106.1641E+0,1.3507E-9,38.1426E+0,001C0360,
106.2573E+0,1.3615E-9,38.1423E+0,001C0360,
106.3504E+0,1.3595E-9,38.1424E+0,001C0360,
106.4435E+0,1.3383E-9,38.1427E+0,001C0360,
106.5367E+0,1.3590E-9,38.1425E+0,001C0360,
106.6298E+0,1.3745E-9,38.1425E+0,001C0360,
106.7228E+0,1.3697E-9,38.1426E+0,001C0360,
106.8160E+0,1.3590E-9,38.1425E+0,001C0360,
106.9091E+0,1.3571E-9,38.1424E+0,001C0360,
107.0022E+0,1.3696E-9,38.1424E+0,001C0360,
107.0953E+0,1.3498E-9,38.1425E+0,001C0360,
107.1884E+0,1.3523E-9,38.1424E+0,001C0360,
107.2815E+0,1.3569E-9,38.1423E+0,001C0360,
107.3746E+0,1.3520E-9,38.1424E+0,001C0360,
107.4678E+0,1.3526E-9,38.1422E+0,001C0360,
107.5608E+0,1.3313E-9,38.1425E+0,001C0360,
107.6539E+0,1.3419E-9,38.1421E+0,001C0360,
107.7471E+0,1.3420E-9,38.1424E+0,001C0360,
107.8401E+0,1.3539E-9,38.1423E+0,001C0360,
107.9332E+0,1.3568E-9,38.1423E+0,001C0360,
108.0263E+0,1.3504E-9,38.1422E+0,001C0360,
108.1194E+0,1.3581E-9,38.1423E+0,001C0360,
108.2125E+0,1.3420E-9,38.1424E+0,001C0360,
108.3056E+0,1.3523E-9,38.1423E+0,001C0360,
108.3987E+0,1.3403E-9,38.1424E+0,001C0360,
108.4918E+0,1.3527E-9,38.1423E+0,001C0360,
108.5848E+0,1.3266E-9,38.1422E+0,001C0360,
108.6780E+0,1.3450E-9,38.1425E+0,001C0360,
108.7711E+0,1.3403E-9,38.1425E+0,001C0360,
108.8641E+0,1.3441E-9,38.1422E+0,001C0360,
108.9573E+0,1.3486E-9,38.1431E+0,001C0360,
109.0504E+0,1.3554E-9,38.1426E+0,001C0360,
109.1435E+0,1.3467E-9,38.1428E+0,001C0360,
109.2366E+0,1.3466E-9,38.1430E+0,001C0360,
109.3297E+0,1.3571E-9,38.1426E+0,001C0360,
109.4229E+0,1.3438E-9,38.1425E+0,001C0360,
109.5160E+0,1.3502E-9,38.1428E+0,001C0360,
109.6091E+0,1.3301E-9,38.1428E+0,001C0360,
109.7022E+0,1.3421E-9,38.1426E+0,001C0360,
109.7954E+0,1.3493E-9,38.1426E+0,001C0360,
109.8885E+0,1.3408E-9,38.1423E+0,001C0360,
109.9816E+0,1.3428E-9,38.1423E+0,001C0360,
110.0748E+0,1.3458E-9,38.1426E+0,001C0360,
110.1679E+0,1.3305E-9,38.1422E+0,001C0360,
110.2610E+0,1.3312E-9,38.1423E+0,001C0360,
110.3541E+0,1.3290E-9,38.1424E+0,001C0360,
110.4471E+0,1.3447E-9,38.1422E+0,001C0360,
110.5402E+0,1.3369E-9,38.1421E+0,001C0360,
110.6334E+0,1.3342E-9,38.1424E+0,001C0360,
110.7264E+0,1.3321E-9,38.1424E+0,001C0360,
110.8196E+0,1.3277E-9,38.1422E+0,001C0360,
110.9126E+0,1.3394E-9,38.1425E+0,001C0360,
111.0057E+0,1.3307E-9,38.1424E+0,001C0360,
111.0989E+0,1.3203E-9,38.1423E+0,001C0360,
111.1919E+0,1.3188E-9,38.1424E+0,001C0360,
111.2851E+0,1.3292E-9,38.1423E+0,001C0360,
111.3782E+0,1.3315E-9,38.1422E+0,001C0360,
111.4713E+0,1.3148E-9,38.1424E+0,001C0360,
111.5644E+0,1.3303E-9,38.1424E+0,001C0360,
111.6574E+0,1.3397E-9,38.1423E+0,001C0360,
111.7505E+0,1.3196E-9,38.1421E+0,001C0360,
111.8437E+0,1.3248E-9,38.1422E+0,001C0360,
111.9367E+0,1.3255E-9,38.1420E+0,001C0360,
112.0298E+0,1.3135E-9,38.1423E+0,001C0360,
112.1229E+0,1.3119E-9,38.1420E+0,001C0360,
112.2160E+0,1.3167E-9,38.1420E+0,001C0360,
112.3091E+0,1.3305E-9,38.1420E+0,001C0360,
112.4022E+0,1.3226E-9,38.1421E+0,001C0360,
112.4953E+0,1.3336E-9,38.1419E+0,001C0360,
112.5884E+0,1.3220E-9,38.1421E+0,001C0360,
112.6815E+0,1.3104E-9,38.1420E+0,001C0360,
112.7746E+0,1.3075E-9,38.1420E+0,001C0360,
112.8677E+0,1.3144E-9,38.1422E+0,001C0360,
112.9607E+0,1.3107E-9,38.1419E+0,001C0360,
113.0539E+0,1.3238E-9,38.1420E+0,001C0360,
113.1469E+0,1.3233E-9,38.1421E+0,001C0360,
113.2400E+0,1.3222E-9,38.1421E+0,001C0360,
113.3331E+0,1.3071E-9,38.1420E+0,001C0360,
113.4262E+0,1.3031E-9,38.1421E+0,001C0360,
113.5193E+0,1.3082E-9,38.1420E+0,001C0360,
113.6124E+0,1.3208E-9,38.1421E+0,001C0360,
113.7055E+0,1.3225E-9,38.1425E+0,001C0360,
113.7986E+0,1.3134E-9,38.1422E+0,001C0360,
113.8917E+0,1.3130E-9,38.1421E+0,001C0360,
113.9848E+0,1.3153E-9,38.1421E+0,001C0360,
114.0779E+0,1.3222E-9,38.1421E+0,001C0360,
114.1710E+0,1.3267E-9,38.1421E+0,001C0360,
114.2641E+0,1.3295E-9,38.1422E+0,001C0360,
114.3572E+0,1.3169E-9,38.1422E+0,001C0360,
114.4503E+0,1.3199E-9,38.1420E+0,001C0360,
114.5434E+0,1.3095E-9,38.1424E+0,001C0360,
114.6365E+0,1.3137E-9,38.1423E+0,001C0360,
114.7296E+0,1.3226E-9,38.1423E+0,001C0360,
114.8227E+0,1.3160E-9,38.1421E+0,001C0360,
114.9158E+0,1.3028E-9,38.1421E+0,001C0360,
115.0089E+0,1.3041E-9,38.1419E+0,001C0360,
115.1019E+0,1.3153E-9,38.1423E+0,001C0360,
115.1951E+0,1.3074E-9,38.1421E+0,001C0360,
115.2882E+0,1.3139E-9,38.1419E+0,001C0360,
115.3813E+0,1.3162E-9,38.1423E+0,001C0360,
115.4744E+0,1.2979E-9,38.1420E+0,001C0360,
115.5675E+0,1.3047E-9,38.1422E+0,001C0360,
115.6606E+0,1.3256E-9,38.1424E+0,001C0360,
115.7537E+0,1.3051E-9,38.1419E+0,001C0360,
115.8468E+0,1.3020E-9,38.1419E+0,001C0360,
115.9399E+0,1.3086E-9,38.1419E+0,001C0360,
116.0330E+0,1.3123E-9,38.1420E+0,001C0360,
116.1261E+0,1.3111E-9,38.1419E+0,001C0360,
116.2192E+0,1.3134E-9,38.1419E+0,001C0360,
116.3123E+0,1.3118E-9,38.1417E+0,001C0360,
116.4054E+0,1.3104E-9,38.1419E+0,001C0360,
116.4985E+0,1.3069E-9,38.1422E+0,001C0360,
116.5916E+0,1.3083E-9,38.1419E+0,001C0360,
116.6847E+0,1.3226E-9,38.1419E+0,001C0360,
116.7778E+0,1.3142E-9,38.1418E+0,001C0360,
116.8709E+0,1.3001E-9,38.1420E+0,001C0360,
116.9640E+0,1.2924E-9,38.1417E+0,001C0360,
117.0570E+0,1.3061E-9,38.1421E+0,001C0360,
117.1502E+0,1.2987E-9,38.1420E+0,001C0360,
117.2432E+0,1.3049E-9,38.1419E+0,001C0360,
117.3363E+0,1.2930E-9,38.1422E+0,001C0360,
117.4295E+0,1.2984E-9,38.1417E+0,001C0360,
117.5225E+0,1.2934E-9,38.1417E+0,001C0360,
117.6156E+0,1.2985E-9,38.1421E+0,001C0360,
117.7087E+0,1.3038E-9,38.1418E+0,001C0360,
117.8018E+0,1.2895E-9,38.1418E+0,001C0360,
117.8949E+0,1.3052E-9,38.1419E+0,001C0360,
117.9880E+0,1.3003E-9,38.1419E+0,001C0360,
118.0811E+0,1.2971E-9,38.1418E+0,001C0360,
118.1742E+0,1.2694E-9,38.1423E+0,001C0360,
118.2673E+0,1.2943E-9,38.1418E+0,001C0360,
118.3604E+0,1.2945E-9,38.1418E+0,001C0360,
118.4535E+0,1.2897E-9,38.1421E+0,001C0360,
118.5466E+0,1.2939E-9,38.1419E+0,001C0360,
118.6397E+0,1.2988E-9,38.1417E+0,001C0360,
118.7328E+0,1.2819E-9,38.1419E+0,001C0360,
118.8259E+0,1.2930E-9,38.1419E+0,001C0360,
118.9190E+0,1.2863E-9,38.1418E+0,001C0360,
119.0121E+0,1.2854E-9,38.1420E+0,001C0360,
119.1052E+0,1.2830E-9,38.1419E+0,001C0360,
119.1983E+0,1.2878E-9,38.1420E+0,001C0360,
119.2915E+0,1.3014E-9,38.1423E+0,001C0360,
119.3845E+0,1.2843E-9,38.1421E+0,001C0360,
119.4776E+0,1.2781E-9,38.1420E+0,001C0360,
119.5707E+0,1.2747E-9,38.1424E+0,001C0360,
119.6638E+0,1.2733E-9,38.1423E+0,001C0360,
119.7569E+0,1.2857E-9,38.1419E+0,001C0360,
119.8500E+0,1.2787E-9,38.1425E+0,001C0360,
119.9431E+0,1.2911E-9,38.1422E+0,001C0360,
120.0362E+0,1.2719E-9,38.1419E+0,001C0360,
120.1293E+0,1.2789E-9,38.1419E+0,001C0360,
120.2224E+0,1.2803E-9,38.1419E+0,001C0360,
120.3155E+0,1.2718E-9,38.1417E+0,001C0360,
120.4086E+0,1.2838E-9,38.1418E+0,001C0360,
120.5016E+0,1.2750E-9,38.1420E+0,001C0360,
120.5947E+0,1.2830E-9,38.1419E+0,001C0360,
120.6878E+0,1.2770E-9,38.1421E+0,001C0360,
120.7810E+0,1.2689E-9,38.1419E+0,001C0360,
120.8740E+0,1.2818E-9,38.1418E+0,001C0360,
120.9671E+0,1.2777E-9,38.1419E+0,001C0360,
121.0602E+0,1.2757E-9,38.1416E+0,001C0360,
121.1533E+0,1.2699E-9,38.1418E+0,001C0360,
121.2464E+0,1.2746E-9,38.1419E+0,001C0360,
121.3395E+0,1.2586E-9,38.1420E+0,001C0360,
121.4326E+0,1.2770E-9,38.1417E+0,001C0360,
121.5257E+0,1.2717E-9,38.1422E+0,001C0360,
121.6188E+0,1.2718E-9,38.1421E+0,001C0360,
121.7119E+0,1.2738E-9,38.1419E+0,001C0360,
121.8050E+0,1.2675E-9,38.1420E+0,001C0360,
121.8981E+0,1.2612E-9,38.1418E+0,001C0360,
121.9912E+0,1.2612E-9,38.1418E+0,001C0360,
122.0843E+0,1.2556E-9,38.1419E+0,001C0360,
122.1774E+0,1.2641E-9,38.1419E+0,001C0360,
122.2705E+0,1.2667E-9,38.1418E+0,001C0360,
122.3636E+0,1.2533E-9,38.1420E+0,001C0360,
122.4566E+0,1.2695E-9,38.1418E+0,001C0360,
122.5498E+0,1.2601E-9,38.1418E+0,001C0360,
122.6429E+0,1.2680E-9,38.1420E+0,001C0360,
122.7360E+0,1.2542E-9,38.1419E+0,001C0360,
122.8291E+0,1.2607E-9,38.1417E+0,001C0360,
122.9222E+0,1.2357E-9,38.1419E+0,001C0360,
123.0153E+0,1.2526E-9,38.1418E+0,001C0360,
123.1084E+0,1.2574E-9,38.1418E+0,001C0360,
123.2015E+0,1.2644E-9,38.1420E+0,001C0360,
123.2946E+0,1.2617E-9,38.1419E+0,001C0360,
123.3877E+0,1.2600E-9,38.1417E+0,001C0360,
123.4808E+0,1.2511E-9,38.1421E+0,001C0360,
123.5739E+0,1.2545E-9,38.1420E+0,001C0360,
123.6670E+0,1.2603E-9,38.1419E+0,001C0360,
123.7601E+0,1.2443E-9,38.1419E+0,001C0360,
123.8532E+0,1.2500E-9,38.1420E+0,001C0360,
123.9463E+0,1.2601E-9,38.1418E+0,001C0360,
124.0394E+0,1.2532E-9,38.1419E+0,001C0360,
124.1325E+0,1.2478E-9,38.1419E+0,001C0360,
124.2256E+0,1.2428E-9,38.1420E+0,001C0360,
124.3187E+0,1.2354E-9,38.1421E+0,001C0360,
124.4118E+0,1.2437E-9,38.1419E+0,001C0360,
124.5048E+0,1.2548E-9,38.1420E+0,001C0360,
124.5979E+0,1.2479E-9,38.1422E+0,001C0360,
124.6910E+0,1.2674E-9,38.1421E+0,001C0360,
124.7841E+0,1.2429E-9,38.1418E+0,001C0360,
124.8772E+0,1.2541E-9,38.1419E+0,001C0360,
124.9703E+0,1.2444E-9,38.1420E+0,001C0360,
125.0634E+0,1.2547E-9,38.1417E+0,001C0360,
125.1565E+0,1.2603E-9,38.1420E+0,001C0360,
125.2496E+0,1.2708E-9,38.1423E+0,001C0360,
125.3427E+0,1.2482E-9,38.1420E+0,001C0360,
125.4358E+0,1.2474E-9,38.1422E+0,001C0360,
125.5289E+0,1.2423E-9,38.1418E+0,001C0360,
125.6220E+0,1.2521E-9,38.1421E+0,001C0360,
125.7151E+0,1.2373E-9,38.1420E+0,001C0360,
125.8082E+0,1.2307E-9,38.1419E+0,001C0360,
125.9013E+0,1.2291E-9,38.1419E+0,001C0360,
125.9944E+0,1.2276E-9,38.1418E+0,001C0360,
126.0875E+0,1.2069E-9,38.1417E+0,001C0360,
126.1806E+0,1.2062E-9,38.1417E+0,001C0360,
126.2737E+0,1.2124E-9,38.1419E+0,001C0360,
126.3668E+0,1.1955E-9,38.1418E+0,001C0360,
126.4599E+0,1.1955E-9,38.1418E+0,001C0360,
126.5530E+0,1.1779E-9,38.1419E+0,001C0360,
126.6461E+0,1.1766E-9,38.1417E+0,001C0360,
126.7392E+0,1.1777E-9,38.1420E+0,001C0360,
126.8323E+0,1.1583E-9,38.1419E+0,001C0360,
126.9255E+0,1.1562E-9,38.1419E+0,001C0360,
127.0186E+0,1.1494E-9,38.1418E+0,001C0360,
127.1117E+0,1.1293E-9,38.1420E+0,001C0360,
127.2048E+0,1.1385E-9,38.1417E+0,001C0360,
127.2979E+0,1.1336E-9,38.1417E+0,001C0360,
127.3910E+0,1.1335E-9,38.1418E+0,001C0360,
127.4841E+0,1.1235E-9,38.1418E+0,001C0360,
127.5772E+0,1.1298E-9,38.1419E+0,001C0360,
127.6704E+0,1.1344E-9,38.1418E+0,001C0360,
127.7635E+0,1.1269E-9,38.1419E+0,001C0360,
127.8566E+0,1.1174E-9,38.1417E+0,001C0360,
127.9497E+0,1.1084E-9,38.1419E+0,001C0360,
128.0428E+0,1.1113E-9,38.1418E+0,001C0360,
128.1359E+0,1.1131E-9,38.1417E+0,001C0360,
128.2290E+0,1.1231E-9,38.1418E+0,001C0360,
128.3221E+0,1.1095E-9,38.1419E+0,001C0360,
128.4152E+0,1.1226E-9,38.1422E+0,001C0360,
128.5083E+0,1.1103E-9,38.1419E+0,001C0360,
128.6014E+0,1.1034E-9,38.1420E+0,001C0360,
128.6945E+0,1.1013E-9,38.1419E+0,001C0360,
128.7876E+0,1.1158E-9,38.1423E+0,001C0360,
128.8807E+0,1.1106E-9,38.1419E+0,001C0360,
128.9738E+0,1.1160E-9,38.1418E+0,001C0360,
129.0669E+0,1.0984E-9,38.1419E+0,001C0360,
129.1600E+0,1.1093E-9,38.1420E+0,001C0360,
129.2531E+0,1.1074E-9,38.1422E+0,001C0360,
129.3463E+0,1.0956E-9,38.1420E+0,001C0360,
129.4393E+0,1.1180E-9,38.1419E+0,001C0360,
129.5325E+0,1.1173E-9,38.1418E+0,001C0360,
129.6255E+0,1.1193E-9,38.1421E+0,001C0360,
129.7187E+0,1.1111E-9,38.1423E+0,001C0360,
129.8118E+0,1.1097E-9,38.1422E+0,001C0360,
129.9049E+0,1.1357E-9,38.1422E+0,001C0360,
129.9980E+0,1.1062E-9,38.1418E+0,001C0360,
130.0911E+0,1.1066E-9,38.1417E+0,001C0360,
130.1842E+0,1.1249E-9,38.1424E+0,001C0360,
130.2773E+0,1.1285E-9,38.1418E+0,001C0360,
130.3704E+0,1.1139E-9,38.1416E+0,001C0360,
130.4635E+0,1.1258E-9,38.1421E+0,001C0360,
130.5566E+0,1.0870E-9,38.1417E+0,001C0360,
130.6497E+0,1.1114E-9,38.1418E+0,001C0360,
130.7428E+0,1.1113E-9,38.1418E+0,001C0360,
130.8359E+0,1.1134E-9,38.1417E+0,001C0360,
130.9291E+0,1.1030E-9,38.1418E+0,001C0360,
131.0222E+0,1.1054E-9,38.1417E+0,001C0360,
131.1152E+0,1.0991E-9,38.1417E+0,001C0360,
131.2083E+0,1.0979E-9,38.1415E+0,001C0360,
131.3015E+0,1.1018E-9,38.1419E+0,001C0360,
131.3946E+0,1.0997E-9,38.1415E+0,001C0360,
131.4877E+0,1.1004E-9,38.1416E+0,001C0360,
131.5808E+0,1.1031E-9,38.1417E+0,001C0360,
131.6739E+0,1.1025E-9,38.1417E+0,001C0360,
131.7670E+0,1.0975E-9,38.1417E+0,001C0360,
131.8601E+0,1.0809E-9,38.1419E+0,001C0360,
131.9533E+0,1.0996E-9,38.1417E+0,001C0360,
132.0463E+0,1.1040E-9,38.1415E+0,001C0360,
132.1394E+0,1.1077E-9,38.1417E+0,001C0360,
132.2325E+0,1.1007E-9,38.1418E+0,001C0360,
132.3256E+0,1.0975E-9,38.1416E+0,001C0360,
132.4187E+0,1.0884E-9,38.1419E+0,001C0360,
132.5118E+0,1.1045E-9,38.1417E+0,001C0360,
132.6049E+0,1.1066E-9,38.1417E+0,001C0360,
132.6981E+0,1.0958E-9,38.1417E+0,001C0360,
132.7911E+0,1.0924E-9,38.1416E+0,001C0360,
132.8843E+0,1.1022E-9,38.1416E+0,001C0360,
132.9774E+0,1.0928E-9,38.1416E+0,001C0360,
133.0705E+0,1.1002E-9,38.1416E+0,001C0360,
133.1636E+0,1.0967E-9,38.1415E+0,001C0360,
133.2567E+0,1.0920E-9,38.1416E+0,001C0360,
133.3499E+0,1.0956E-9,38.1415E+0,001C0360,
133.4430E+0,1.0923E-9,38.1418E+0,001C0360,
133.5361E+0,1.0918E-9,38.1416E+0,001C0360,
133.6292E+0,1.0886E-9,38.1416E+0,001C0360,
133.7223E+0,1.0926E-9,38.1416E+0,001C0360,
133.8154E+0,1.0761E-9,38.1417E+0,001C0360,
133.9085E+0,1.0899E-9,38.1416E+0,001C0360,
134.0016E+0,1.0968E-9,38.1415E+0,001C0360,
134.0947E+0,1.0787E-9,38.1418E+0,001C0360,
134.1878E+0,1.0979E-9,38.1417E+0,001C0360,
134.2809E+0,1.0850E-9,38.1416E+0,001C0360,
134.3740E+0,1.0985E-9,38.1420E+0,001C0360,
134.4671E+0,1.0925E-9,38.1418E+0,001C0360,
134.5603E+0,1.0905E-9,38.1416E+0,001C0360,
134.6534E+0,1.0866E-9,38.1418E+0,001C0360,
134.7464E+0,1.0967E-9,38.1418E+0,001C0360,
134.8396E+0,1.0836E-9,38.1416E+0,001C0360,
134.9327E+0,1.0996E-9,38.1421E+0,001C0360,
135.0258E+0,1.0931E-9,38.1416E+0,001C0360,
135.1189E+0,1.0982E-9,38.1415E+0,001C0360,
135.2120E+0,1.0952E-9,38.1420E+0,001C0360,
135.3051E+0,1.0937E-9,38.1417E+0,001C0360,
135.3982E+0,1.0850E-9,38.1416E+0,001C0360,
135.4913E+0,1.0801E-9,38.1419E+0,001C0360,
135.5845E+0,1.1032E-9,38.1419E+0,001C0360,
135.6776E+0,1.0979E-9,38.1416E+0,001C0360,
135.7707E+0,1.0923E-9,38.1420E+0,001C0360,
135.8637E+0,1.0909E-9,38.1419E+0,001C0360,
135.9569E+0,1.0893E-9,38.1418E+0,001C0360,
136.0500E+0,1.0997E-9,38.1417E+0,001C0360,
136.1431E+0,1.0928E-9,38.1416E+0,001C0360,
136.2362E+0,1.0897E-9,38.1415E+0,001C0360,
136.3293E+0,1.0936E-9,38.1417E+0,001C0360,
136.4224E+0,1.0892E-9,38.1415E+0,001C0360,
136.5156E+0,1.0857E-9,38.1415E+0,001C0360,
136.6087E+0,1.0876E-9,38.1416E+0,001C0360,
136.7018E+0,1.0798E-9,38.1416E+0,001C0360,
136.7949E+0,1.0793E-9,38.1415E+0,001C0360,
136.8880E+0,1.0851E-9,38.1417E+0,001C0360,
136.9811E+0,1.0798E-9,38.1418E+0,001C0360,
137.0742E+0,1.0693E-9,38.1416E+0,001C0360,
137.1674E+0,1.0880E-9,38.1421E+0,001C0360,
137.2604E+0,1.0757E-9,38.1416E+0,001C0360,
137.3535E+0,1.0756E-9,38.1415E+0,001C0360,
137.4466E+0,1.0878E-9,38.1416E+0,001C0360,
137.5397E+0,1.0794E-9,38.1415E+0,001C0360,
137.6329E+0,1.0860E-9,38.1414E+0,001C0360,
137.7260E+0,1.0794E-9,38.1419E+0,001C0360,
137.8190E+0,1.0811E-9,38.1415E+0,001C0360,
137.9122E+0,1.0731E-9,38.1414E+0,001C0360,
138.0053E+0,1.0751E-9,38.1417E+0,001C0360,
138.0984E+0,1.0892E-9,38.1416E+0,001C0360,
138.1915E+0,1.0889E-9,38.1415E+0,001C0360,
138.2846E+0,1.0989E-9,38.1416E+0,001C0360,
138.3777E+0,1.0814E-9,38.1415E+0,001C0360,
138.4708E+0,1.0749E-9,38.1417E+0,001C0360,
138.5640E+0,1.0859E-9,38.1419E+0,001C0360,
138.6571E+0,1.0751E-9,38.1417E+0,001C0360,
138.7501E+0,1.0841E-9,38.1416E+0,001C0360,
138.8433E+0,1.0885E-9,38.1416E+0,001C0360,
138.9364E+0,1.0712E-9,38.1416E+0,001C0360,
139.0295E+0,1.0815E-9,38.1416E+0,001C0360,
139.1226E+0,1.0860E-9,38.1416E+0,001C0360,
139.2157E+0,1.0798E-9,38.1417E+0,001C0360,
139.3088E+0,1.0697E-9,38.1414E+0,001C0360,
139.4019E+0,1.0772E-9,38.1418E+0,001C0360,
139.4950E+0,1.0984E-9,38.1418E+0,001C0360,
139.5881E+0,1.0707E-9,38.1416E+0,001C0360,
139.6812E+0,1.0669E-9,38.1420E+0,001C0360,
139.7743E+0,1.0814E-9,38.1418E+0,001C0360,
139.8674E+0,1.0713E-9,38.1415E+0,001C0360,
139.9606E+0,1.0811E-9,38.1417E+0,001C0360,
140.0537E+0,1.0533E-9,38.1415E+0,001C0360,
140.1468E+0,1.0674E-9,38.1414E+0,001C0360,
140.2399E+0,1.0705E-9,38.1422E+0,001C0360,
140.3330E+0,1.0894E-9,38.1416E+0,001C0360,
140.4261E+0,1.0726E-9,38.1414E+0,001C0360,
140.5193E+0,1.0615E-9,38.1417E+0,001C0360,
140.6124E+0,1.0720E-9,38.1414E+0,001C0360,
140.7055E+0,1.0639E-9,38.1413E+0,001C0360,
140.7986E+0,1.0794E-9,38.1413E+0,001C0360,
140.8917E+0,1.0570E-9,38.1414E+0,001C0360,
140.9848E+0,1.0598E-9,38.1414E+0,001C0360,
141.0780E+0,1.0732E-9,38.1416E+0,001C0360,
141.1711E+0,1.0685E-9,38.1414E+0,001C0360,
141.2642E+0,1.0801E-9,38.1412E+0,001C0360,
141.3573E+0,1.0716E-9,38.1414E+0,001C0360,
141.4504E+0,1.0635E-9,38.1416E+0,001C0360,
141.5435E+0,1.0675E-9,38.1413E+0,001C0360,
141.6367E+0,1.0769E-9,38.1413E+0,001C0360,
141.7298E+0,1.0735E-9,38.1412E+0,001C0360,
141.8229E+0,1.0704E-9,38.1412E+0,001C0360,
141.9160E+0,1.0870E-9,38.1413E+0,001C0360,
142.0091E+0,1.0960E-9,38.1411E+0,001C0360,
142.1022E+0,1.0670E-9,38.1410E+0,001C0360,
142.1953E+0,1.0763E-9,38.1410E+0,001C0360,
142.2884E+0,1.0666E-9,38.1411E+0,001C0360,
142.3816E+0,1.0700E-9,38.1409E+0,001C0360,
142.4747E+0,1.0811E-9,38.1411E+0,001C0360,
142.5678E+0,1.0707E-9,38.1410E+0,001C0360,
142.6609E+0,1.0726E-9,38.1410E+0,001C0360,
142.7541E+0,1.0640E-9,38.1413E+0,001C0360,
142.8472E+0,1.0685E-9,38.1411E+0,001C0360,
142.9403E+0,1.0771E-9,38.1408E+0,001C0360,
143.0334E+0,1.0533E-9,38.1410E+0,001C0360,
143.1266E+0,1.0679E-9,38.1408E+0,001C0360,
143.2197E+0,1.0634E-9,38.1407E+0,001C0360,
143.3129E+0,1.0674E-9,38.1408E+0,001C0360,
143.4060E+0,1.0676E-9,38.1408E+0,001C0360,
143.4991E+0,1.0627E-9,38.1410E+0,001C0360,
143.5922E+0,1.0655E-9,38.1409E+0,001C0360,
143.6853E+0,1.0615E-9,38.1407E+0,001C0360,
143.7785E+0,1.0679E-9,38.1407E+0,001C0360,
143.8716E+0,1.0392E-9,38.1409E+0,001C0360,
143.9648E+0,1.0550E-9,38.1407E+0,001C0360,
144.0579E+0,1.0490E-9,38.1407E+0,001C0360,
144.1510E+0,1.0462E-9,38.1411E+0,001C0360,
144.2441E+0,1.0647E-9,38.1409E+0,001C0360,
144.3372E+0,1.0597E-9,38.1407E+0,001C0360,
144.4304E+0,1.0678E-9,38.1410E+0,001C0360,
144.5235E+0,1.0618E-9,38.1410E+0,001C0360,
144.6166E+0,1.0524E-9,38.1409E+0,001C0360,
144.7097E+0,1.0404E-9,38.1414E+0,001C0360,
144.8028E+0,1.0742E-9,38.1411E+0,001C0360,
144.8959E+0,1.0594E-9,38.1408E+0,001C0360,
144.9890E+0,1.0494E-9,38.1411E+0,001C0360,
145.0822E+0,1.0504E-9,38.1409E+0,001C0360,
145.1753E+0,1.0562E-9,38.1411E+0,001C0360,
145.2684E+0,1.0557E-9,38.1413E+0,001C0360,
145.3615E+0,1.0611E-9,38.1411E+0,001C0360,
145.4546E+0,1.0511E-9,38.1410E+0,001C0360,
145.5478E+0,1.0540E-9,38.1411E+0,001C0360,
145.6409E+0,1.0410E-9,38.1411E+0,001C0360,
145.7340E+0,1.0492E-9,38.1410E+0,001C0360,
145.8271E+0,1.0488E-9,38.1411E+0,001C0360,
145.9202E+0,1.0498E-9,38.1409E+0,001C0360,
146.0134E+0,1.0604E-9,38.1410E+0,001C0360,
146.1065E+0,1.0457E-9,38.1408E+0,001C0360,
146.1996E+0,1.0621E-9,38.1407E+0,001C0360,
146.2928E+0,1.0541E-9,38.1408E+0,001C0360,
146.3858E+0,1.0389E-9,38.1410E+0,001C0360,
146.4790E+0,1.0584E-9,38.1410E+0,001C0360,
146.5721E+0,1.0545E-9,38.1409E+0,001C0360,
146.6652E+0,1.0706E-9,38.1409E+0,001C0360,
146.7583E+0,1.0438E-9,38.1411E+0,001C0360,
146.8515E+0,1.0530E-9,38.1408E+0,001C0360,
146.9446E+0,1.0404E-9,38.1411E+0,001C0360,
147.0377E+0,1.0617E-9,38.1407E+0,001C0360,
147.1308E+0,1.0478E-9,38.1408E+0,001C0360,
147.2240E+0,1.0507E-9,38.1409E+0,001C0360,
147.3171E+0,1.0502E-9,38.1408E+0,001C0360,
147.4102E+0,1.0491E-9,38.1404E+0,001C0360,
147.5033E+0,1.0477E-9,38.1407E+0,001C0360,
147.5965E+0,1.0494E-9,38.1406E+0,001C0360,
147.6896E+0,1.0446E-9,38.1405E+0,001C0360,
147.7827E+0,1.0411E-9,38.1406E+0,001C0360,
147.8759E+0,1.0517E-9,38.1406E+0,001C0360,
147.9690E+0,1.0437E-9,38.1406E+0,001C0360,
148.0621E+0,1.0477E-9,38.1406E+0,001C0360,
148.1553E+0,1.0459E-9,38.1406E+0,001C0360,
148.2484E+0,1.0412E-9,38.1406E+0,001C0360,
148.3415E+0,1.0466E-9,38.1407E+0,001C0360,
148.4346E+0,1.0515E-9,38.1405E+0,001C0360,
148.5278E+0,1.0485E-9,38.1406E+0,001C0360,
148.6209E+0,1.0440E-9,38.1406E+0,001C0360,
148.7141E+0,1.0387E-9,38.1404E+0,001C0360,
148.8072E+0,1.0426E-9,38.1405E+0,001C0360,
148.9003E+0,1.0278E-9,38.1408E+0,001C0360,
148.9935E+0,1.0454E-9,38.1405E+0,001C0360,
149.0866E+0,1.0438E-9,38.1404E+0,001C0360,
149.1797E+0,1.0455E-9,38.1407E+0,001C0360,
149.2728E+0,1.0455E-9,38.1405E+0,001C0360,
149.3659E+0,1.0367E-9,38.1405E+0,001C0360,
149.4591E+0,1.0425E-9,38.1410E+0,001C0360,
149.5522E+0,1.0424E-9,38.1406E+0,001C0360,
149.6454E+0,1.0326E-9,38.1405E+0,001C0360,
149.7385E+0,1.0234E-9,38.1408E+0,001C0360,
149.8316E+0,1.0503E-9,38.1407E+0,001C0360,
149.9247E+0,1.0496E-9,38.1406E+0,001C0360,
150.0179E+0,1.0640E-9,38.1408E+0,001C0360,
150.1110E+0,1.0714E-9,38.1407E+0,001C0360,
150.2041E+0,1.0742E-9,38.1406E+0,001C0360,
150.2973E+0,1.0725E-9,38.1407E+0,001C0360,
150.3904E+0,1.0851E-9,38.1407E+0,001C0360,
150.4835E+0,1.1015E-9,38.1412E+0,001C0360,
150.5767E+0,1.1157E-9,38.1412E+0,001C0360,
150.6698E+0,1.1086E-9,38.1407E+0,001C0360,
150.7629E+0,1.1115E-9,38.1410E+0,001C0360,
150.8560E+0,1.1085E-9,38.1406E+0,001C0360,
150.9491E+0,1.1292E-9,38.1405E+0,001C0360,
151.0423E+0,1.1168E-9,38.1406E+0,001C0360,
151.1354E+0,1.1251E-9,38.1405E+0,001C0360,
151.2285E+0,1.1237E-9,38.1405E+0,001C0360,
151.3217E+0,1.1400E-9,38.1407E+0,001C0360,
151.4148E+0,1.1461E-9,38.1406E+0,001C0360,
151.5079E+0,1.1636E-9,38.1403E+0,001C0360,
151.6010E+0,1.1641E-9,38.1404E+0,001C0360,
151.6942E+0,1.1689E-9,38.1403E+0,001C0360,
151.7872E+0,1.1773E-9,38.1402E+0,001C0360,
151.8804E+0,1.1883E-9,38.1403E+0,001C0360,
151.9735E+0,1.1648E-9,38.1405E+0,001C0360,
152.0667E+0,1.1740E-9,38.1403E+0,001C0360,
152.1598E+0,1.1722E-9,38.1407E+0,001C0360,
152.2529E+0,1.1618E-9,38.1404E+0,001C0360,
152.3460E+0,1.1554E-9,38.1401E+0,001C0360,
152.4391E+0,1.1611E-9,38.1402E+0,001C0360,
152.5322E+0,1.1559E-9,38.1403E+0,001C0360,
152.6254E+0,1.1665E-9,38.1401E+0,001C0360,
152.7184E+0,1.1630E-9,38.1402E+0,001C0360,
152.8116E+0,1.1531E-9,38.1403E+0,001C0360,
152.9046E+0,1.1559E-9,38.1403E+0,001C0360,
152.9977E+0,1.1678E-9,38.1402E+0,001C0360,
153.0909E+0,1.1605E-9,38.1401E+0,001C0360,
153.1839E+0,1.1607E-9,38.1403E+0,001C0360,
153.2770E+0,1.1583E-9,38.1405E+0,001C0360,
153.3701E+0,1.1585E-9,38.1403E+0,001C0360,
153.4633E+0,1.1495E-9,38.1402E+0,001C0360,
153.5564E+0,1.1547E-9,38.1405E+0,001C0360,
153.6495E+0,1.1505E-9,38.1403E+0,001C0360,
153.7426E+0,1.1540E-9,38.1403E+0,001C0360,
153.8357E+0,1.1589E-9,38.1402E+0,001C0360,
153.9288E+0,1.1500E-9,38.1403E+0,001C0360,
154.0219E+0,1.1561E-9,38.1402E+0,001C0360,
154.1150E+0,1.1561E-9,38.1405E+0,001C0360,
154.2082E+0,1.1786E-9,38.1405E+0,001C0360,
154.3013E+0,1.1369E-9,38.1404E+0,001C0360,
154.3944E+0,1.1593E-9,38.1408E+0,001C0360,
154.4875E+0,1.1477E-9,38.1403E+0,001C0360,
154.5806E+0,1.1519E-9,38.1405E+0,001C0360,
154.6738E+0,1.1567E-9,38.1406E+0,001C0360,
154.7669E+0,1.1185E-9,38.1407E+0,001C0360,
154.8600E+0,1.1175E-9,38.1407E+0,001C0360,
154.9532E+0,1.1525E-9,38.1407E+0,001C0360,
155.0463E+0,1.1489E-9,38.1403E+0,001C0360,
155.1394E+0,1.1456E-9,38.1403E+0,001C0360,
155.2325E+0,1.1622E-9,38.1405E+0,001C0360,
155.3256E+0,1.1421E-9,38.1405E+0,001C0360,
155.4187E+0,1.1368E-9,38.1407E+0,001C0360,
155.5118E+0,1.1505E-9,38.1406E+0,001C0360,
155.6050E+0,1.1479E-9,38.1408E+0,001C0360,
155.6981E+0,1.1449E-9,38.1403E+0,001C0360,
155.7912E+0,1.1696E-9,38.1404E+0,001C0360,
155.8844E+0,1.1403E-9,38.1404E+0,001C0360,
155.9774E+0,1.1393E-9,38.1402E+0,001C0360,
156.0705E+0,1.1522E-9,38.1405E+0,001C0360,
156.1636E+0,1.1566E-9,38.1401E+0,001C0360,
156.2567E+0,1.1453E-9,38.1402E+0,001C0360,
156.3499E+0,1.1209E-9,38.1405E+0,001C0360,
156.4430E+0,1.1544E-9,38.1404E+0,001C0360,
156.5361E+0,1.1419E-9,38.1403E+0,001C0360,
156.6292E+0,1.1475E-9,38.1400E+0,001C0360,
156.7223E+0,1.1357E-9,38.1402E+0,001C0360,
156.8154E+0,1.1386E-9,38.1399E+0,001C0360,
156.9085E+0,1.1576E-9,38.1405E+0,001C0360,
157.0016E+0,1.1432E-9,38.1402E+0,001C0360,
157.0947E+0,1.1440E-9,38.1400E+0,001C0360,
157.1878E+0,1.1399E-9,38.1401E+0,001C0360,
157.2809E+0,1.1275E-9,38.1401E+0,001C0360,
157.3740E+0,1.1361E-9,38.1402E+0,001C0360,
157.4671E+0,1.1331E-9,38.1402E+0,001C0360,
157.5602E+0,1.1372E-9,38.1401E+0,001C0360,
157.6532E+0,1.1210E-9,38.1401E+0,001C0360,
157.7464E+0,1.1325E-9,38.1402E+0,001C0360,
157.8394E+0,1.1474E-9,38.1401E+0,001C0360,
157.9325E+0,1.1311E-9,38.1402E+0,001C0360,
158.0257E+0,1.1180E-9,38.1402E+0,001C0360,
158.1187E+0,1.1319E-9,38.1401E+0,001C0360,
158.2118E+0,1.1405E-9,38.1399E+0,001C0360,
158.3049E+0,1.1299E-9,38.1400E+0,001C0360,
158.3980E+0,1.1364E-9,38.1398E+0,001C0360,
158.4911E+0,1.1363E-9,38.1398E+0,001C0360,
158.5842E+0,1.1014E-9,38.1401E+0,001C0360,
158.6773E+0,1.1344E-9,38.1399E+0,001C0360,
158.7704E+0,1.1453E-9,38.1399E+0,001C0360,
158.8635E+0,1.1460E-9,38.1400E+0,001C0360,
158.9566E+0,1.1527E-9,38.1400E+0,001C0360,
159.0497E+0,1.1284E-9,38.1401E+0,001C0360,
159.1427E+0,1.1333E-9,38.1402E+0,001C0360,
159.2359E+0,1.1244E-9,38.1405E+0,001C0360,
159.3290E+0,1.1269E-9,38.1402E+0,001C0360,
159.4221E+0,1.1408E-9,38.1407E+0,001C0360,
159.5152E+0,1.1278E-9,38.1402E+0,001C0360,
159.6083E+0,1.1275E-9,38.1403E+0,001C0360,
159.7014E+0,1.1313E-9,38.1406E+0,001C0360,
159.7944E+0,1.1072E-9,38.1405E+0,001C0360,
159.8875E+0,1.1246E-9,38.1404E+0,001C0360,
159.9807E+0,1.1152E-9,38.1405E+0,001C0360,
160.0738E+0,1.1334E-9,38.1402E+0,001C0360,
160.1669E+0,1.1263E-9,38.1401E+0,001C0360,
160.2600E+0,1.1291E-9,38.1408E+0,001C0360,
160.3531E+0,1.1136E-9,38.1405E+0,001C0360,
160.4462E+0,1.1183E-9,38.1400E+0,001C0360,
160.5393E+0,1.1353E-9,38.1403E+0,001C0360,
160.6324E+0,1.1259E-9,38.1399E+0,001C0360,
160.7255E+0,1.1159E-9,38.1400E+0,001C0360,
160.8186E+0,1.1236E-9,38.1403E+0,001C0360,
160.9117E+0,1.1214E-9,38.1400E+0,001C0360,
161.0048E+0,1.1262E-9,38.1399E+0,001C0360,
161.0979E+0,1.0954E-9,38.1401E+0,001C0360,
161.1909E+0,1.1137E-9,38.1401E+0,001C0360,
161.2841E+0,1.1176E-9,38.1399E+0,001C0360,
161.3772E+0,1.1192E-9,38.1400E+0,001C0360,
161.4703E+0,1.1360E-9,38.1400E+0,001C0360,
161.5633E+0,1.1148E-9,38.1399E+0,001C0360,
161.6564E+0,1.1239E-9,38.1403E+0,001C0360,
161.7495E+0,1.0979E-9,38.1400E+0,001C0360,
161.8426E+0,1.1135E-9,38.1399E+0,001C0360,
161.9357E+0,1.1337E-9,38.1399E+0,001C0360,
162.0288E+0,1.1161E-9,38.1399E+0,001C0360,
162.1219E+0,1.1258E-9,38.1400E+0,001C0360,
162.2150E+0,1.1290E-9,38.1402E+0,001C0360,
162.3081E+0,1.1104E-9,38.1399E+0,001C0360,
162.4012E+0,1.1112E-9,38.1400E+0,001C0360,
162.4943E+0,1.1164E-9,38.1399E+0,001C0360,
162.5874E+0,1.1240E-9,38.1400E+0,001C0360,
162.6805E+0,1.1102E-9,38.1399E+0,001C0360,
162.7736E+0,1.1217E-9,38.1399E+0,001C0360,
162.8667E+0,1.1101E-9,38.1400E+0,001C0360,
162.9598E+0,1.1188E-9,38.1400E+0,001C0360,
163.0529E+0,1.1222E-9,38.1399E+0,001C0360,
163.1460E+0,1.1157E-9,38.1399E+0,001C0360,
163.2391E+0,1.1143E-9,38.1398E+0,001C0360,
163.3322E+0,1.0972E-9,38.1400E+0,001C0360,
163.4253E+0,1.1109E-9,38.1398E+0,001C0360,
163.5184E+0,1.1059E-9,38.1398E+0,001C0360,
163.6115E+0,1.1171E-9,38.1400E+0,001C0360,
163.7046E+0,1.1149E-9,38.1399E+0,001C0360,
163.7977E+0,1.1165E-9,38.1397E+0,001C0360,
163.8908E+0,1.1177E-9,38.1397E+0,001C0360,
163.9839E+0,1.1041E-9,38.1399E+0,001C0360,
164.0770E+0,1.1042E-9,38.1398E+0,001C0360,
164.1701E+0,1.1207E-9,38.1402E+0,001C0360,
164.2631E+0,1.1113E-9,38.1399E+0,001C0360,
164.3562E+0,1.1043E-9,38.1400E+0,001C0360,
164.4493E+0,1.1237E-9,38.1403E+0,001C0360,
164.5424E+0,1.0991E-9,38.1400E+0,001C0360,
164.6355E+0,1.1100E-9,38.1397E+0,001C0360,
164.7286E+0,1.1139E-9,38.1400E+0,001C0360,
164.8217E+0,1.0724E-9,38.1401E+0,001C0360,
164.9148E+0,1.1013E-9,38.1401E+0,001C0360,
165.0079E+0,1.1095E-9,38.1403E+0,001C0360,
165.1010E+0,1.1134E-9,38.1399E+0,001C0360,
165.1941E+0,1.1025E-9,38.1400E+0,001C0360,
165.2872E+0,1.1177E-9,38.1401E+0,001C0360,
165.3803E+0,1.1003E-9,38.1401E+0,001C0360,
165.4734E+0,1.0906E-9,38.1402E+0,001C0360,
165.5665E+0,1.1076E-9,38.1402E+0,001C0360,
165.6596E+0,1.0914E-9,38.1402E+0,001C0360,
165.7527E+0,1.1050E-9,38.1399E+0,001C0360,
165.8458E+0,1.1093E-9,38.1401E+0,001C0360,
165.9389E+0,1.1082E-9,38.1400E+0,001C0360,
166.0320E+0,1.0910E-9,38.1401E+0,001C0360,
166.1251E+0,1.0984E-9,38.1400E+0,001C0360,
166.2181E+0,1.1005E-9,38.1400E+0,001C0360,
166.3112E+0,1.0978E-9,38.1399E+0,001C0360,
166.4044E+0,1.1146E-9,38.1401E+0,001C0360,
166.4975E+0,1.0846E-9,38.1403E+0,001C0360,
166.5906E+0,1.0930E-9,38.1398E+0,001C0360,
166.6836E+0,1.0981E-9,38.1402E+0,001C0360,
166.7767E+0,1.0997E-9,38.1399E+0,001C0360,
166.8698E+0,1.1020E-9,38.1399E+0,001C0360,
166.9629E+0,1.1064E-9,38.1403E+0,001C0360,
167.0560E+0,1.0895E-9,38.1399E+0,001C0360,
167.1491E+0,1.0893E-9,38.1398E+0,001C0360,
167.2422E+0,1.0905E-9,38.1399E+0,001C0360,
167.3353E+0,1.0928E-9,38.1399E+0,001C0360,
167.4284E+0,1.1008E-9,38.1398E+0,001C0360,
167.5215E+0,1.0981E-9,38.1399E+0,001C0360,
167.6147E+0,1.0960E-9,38.1399E+0,001C0360,
167.7077E+0,1.0949E-9,38.1396E+0,001C0360,
167.8009E+0,1.1009E-9,38.1400E+0,001C0360,
167.8940E+0,1.0906E-9,38.1398E+0,001C0360,
167.9871E+0,1.0952E-9,38.1398E+0,001C0360,
168.0802E+0,1.0917E-9,38.1400E+0,001C0360,
168.1733E+0,1.1155E-9,38.1397E+0,001C0360,
168.2664E+0,1.1018E-9,38.1396E+0,001C0360,
168.3595E+0,1.1098E-9,38.1397E+0,001C0360,
168.4526E+0,1.0985E-9,38.1397E+0,001C0360,
168.5457E+0,1.1000E-9,38.1397E+0,001C0360,
168.6388E+0,1.1080E-9,38.1397E+0,001C0360,
168.7319E+0,1.0943E-9,38.1397E+0,001C0360,
168.8250E+0,1.1056E-9,38.1397E+0,001C0360,
168.9181E+0,1.1162E-9,38.1395E+0,001C0360,
169.0112E+0,1.0992E-9,38.1399E+0,001C0360,
169.1043E+0,1.0976E-9,38.1395E+0,001C0360,
169.1974E+0,1.0990E-9,38.1401E+0,001C0360,
169.2905E+0,1.0752E-9,38.1398E+0,001C0360,
169.3836E+0,1.1062E-9,38.1396E+0,001C0360,
169.4767E+0,1.0962E-9,38.1397E+0,001C0360,
169.5698E+0,1.0830E-9,38.1395E+0,001C0360,
169.6629E+0,1.0823E-9,38.1396E+0,001C0360,
169.7561E+0,1.0819E-9,38.1397E+0,001C0360,
169.8492E+0,1.0724E-9,38.1396E+0,001C0360,
169.9422E+0,1.0779E-9,38.1396E+0,001C0360,
170.0353E+0,1.1053E-9,38.1395E+0,001C0360,
170.1284E+0,1.0854E-9,38.1396E+0,001C0360,
170.2215E+0,1.0931E-9,38.1394E+0,001C0360,
170.3146E+0,1.1007E-9,38.1403E+0,001C0360,
170.4077E+0,1.1103E-9,38.1396E+0,001C0360,
170.5009E+0,1.0888E-9,38.1395E+0,001C0360,
170.5939E+0,1.0903E-9,38.1397E+0,001C0360,
170.6870E+0,1.0881E-9,38.1395E+0,001C0360,
170.7801E+0,1.0847E-9,38.1396E+0,001C0360,
170.8732E+0,1.0891E-9,38.1399E+0,001C0360,
170.9663E+0,1.0740E-9,38.1399E+0,001C0360,
171.0594E+0,1.0766E-9,38.1394E+0,001C0360,
171.1525E+0,1.0851E-9,38.1396E+0,001C0360,
171.2456E+0,1.0813E-9,38.1395E+0,001C0360,
171.3387E+0,1.0894E-9,38.1395E+0,001C0360,
171.4319E+0,1.0953E-9,38.1395E+0,001C0360,
171.5250E+0,1.0802E-9,38.1394E+0,001C0360,
171.6181E+0,1.0762E-9,38.1395E+0,001C0360,
171.7112E+0,1.0936E-9,38.1397E+0,001C0360,
171.8043E+0,1.0815E-9,38.1397E+0,001C0360,
171.8974E+0,1.0878E-9,38.1395E+0,001C0360,
171.9905E+0,1.0675E-9,38.1387E+0,001C0360,
172.0836E+0,1.0903E-9,38.1395E+0,001C0360,
172.1768E+0,1.0746E-9,38.1395E+0,001C0360,
172.2699E+0,1.0862E-9,38.1396E+0,001C0360,
172.3630E+0,1.0856E-9,38.1397E+0,001C0360,
172.4561E+0,1.0873E-9,38.1396E+0,001C0360,
172.5492E+0,1.0883E-9,38.1401E+0,001C0360,
172.6423E+0,1.0798E-9,38.1399E+0,001C0360,
172.7354E+0,1.0748E-9,38.1397E+0,001C0360,
172.8285E+0,1.0710E-9,38.1399E+0,001C0360,
172.9216E+0,1.0748E-9,38.1397E+0,001C0360,
173.0147E+0,1.0880E-9,38.1397E+0,001C0360,
173.1078E+0,1.0854E-9,38.1399E+0,001C0360,
173.2009E+0,1.0708E-9,38.1398E+0,001C0360,
173.2940E+0,1.0656E-9,38.1398E+0,001C0360,
173.3871E+0,1.0539E-9,38.1398E+0,001C0360,
173.4802E+0,1.0675E-9,38.1398E+0,001C0360,
173.5734E+0,1.0785E-9,38.1396E+0,001C0360,
173.6665E+0,1.0811E-9,38.1400E+0,001C0360,
173.7596E+0,1.0695E-9,38.1397E+0,001C0360,
173.8527E+0,1.0649E-9,38.1395E+0,001C0360,
173.9458E+0,1.0768E-9,38.1398E+0,001C0360,
174.0389E+0,1.0746E-9,38.1396E+0,001C0360,
174.1320E+0,1.0846E-9,38.1395E+0,001C0360,
174.2251E+0,1.0864E-9,38.1395E+0,001C0360,
174.3182E+0,1.0783E-9,38.1395E+0,001C0360,
174.4113E+0,1.0762E-9,38.1397E+0,001C0360,
174.5045E+0,1.0718E-9,38.1401E+0,001C0360,
174.5976E+0,1.0693E-9,38.1397E+0,001C0360,
174.6907E+0,1.0734E-9,38.1394E+0,001C0360,
174.7838E+0,1.0872E-9,38.1397E+0,001C0360,
174.8769E+0,1.0592E-9,38.1397E+0,001C0360,
174.9700E+0,1.0711E-9,38.1397E+0,001C0360,
175.0631E+0,1.0797E-9,38.1396E+0,001C0360,
175.1562E+0,1.0713E-9,38.1396E+0,001C0360,
175.2493E+0,1.0615E-9,38.1396E+0,001C0360,
175.3424E+0,1.0731E-9,38.1400E+0,001C0360,
175.4355E+0,1.0701E-9,38.1397E+0,001C0360,
175.5286E+0,1.0729E-9,38.1398E+0,001C0360,
175.6217E+0,1.0797E-9,38.1399E+0,001C0360,
175.7148E+0,1.0719E-9,38.1397E+0,001C0360,
175.8079E+0,1.0673E-9,38.1397E+0,001C0360,
175.9010E+0,1.0785E-9,38.1400E+0,001C0360,
175.9941E+0,1.0613E-9,38.1397E+0,001C0360,
176.0872E+0,1.0727E-9,38.1397E+0,001C0360,
176.1804E+0,1.0816E-9,38.1395E+0,001C0360,
176.2735E+0,1.0518E-9,38.1397E+0,001C0360,
176.3665E+0,1.0575E-9,38.1395E+0,001C0360,
176.4597E+0,1.0766E-9,38.1401E+0,001C0360,
176.5527E+0,1.0846E-9,38.1396E+0,001C0360,
176.6459E+0,1.0796E-9,38.1396E+0,001C0360,
176.7390E+0,1.0713E-9,38.1398E+0,001C0360,
176.8321E+0,1.0717E-9,38.1396E+0,001C0360,
176.9252E+0,1.0701E-9,38.1396E+0,001C0360,
177.0183E+0,1.0597E-9,38.1397E+0,001C0360,
177.1115E+0,1.0663E-9,38.1396E+0,001C0360,
177.2046E+0,1.0644E-9,38.1396E+0,001C0360,
177.2976E+0,1.0747E-9,38.1396E+0,001C0360,
177.3908E+0,1.0618E-9,38.1396E+0,001C0360,
177.4839E+0,1.0605E-9,38.1396E+0,001C0360,
177.5770E+0,1.0464E-9,38.1398E+0,001C0360,
177.6701E+0,1.0461E-9,38.1396E+0,001C0360,
177.7632E+0,1.0634E-9,38.1396E+0,001C0360,
177.8563E+0,1.0659E-9,38.1400E+0,001C0360,
177.9494E+0,1.0488E-9,38.1397E+0,001C0360,
178.0425E+0,1.0557E-9,38.1399E+0,001C0360,
178.1356E+0,1.0627E-9,38.1398E+0,001C0360,
178.2287E+0,1.0681E-9,38.1397E+0,001C0360,
178.3218E+0,1.0628E-9,38.1395E+0,001C0360,
178.4149E+0,1.0607E-9,38.1399E+0,001C0360,
178.5080E+0,1.0580E-9,38.1398E+0,001C0360,
178.6011E+0,1.0522E-9,38.1397E+0,001C0360,
178.6942E+0,1.0694E-9,38.1400E+0,001C0360,
178.7874E+0,1.0478E-9,38.1398E+0,001C0360,
178.8805E+0,1.0575E-9,38.1397E+0,001C0360,
178.9736E+0,1.0734E-9,38.1398E+0,001C0360,
179.0667E+0,1.0724E-9,38.1396E+0,001C0360,
179.1598E+0,1.0634E-9,38.1396E+0,001C0360,
179.2529E+0,1.0440E-9,38.1401E+0,001C0360,
179.3460E+0,1.0574E-9,38.1399E+0,001C0360,
179.4391E+0,1.0425E-9,38.1398E+0,001C0360,
179.5322E+0,1.0546E-9,38.1402E+0,001C0360,
179.6253E+0,1.0540E-9,38.1399E+0,001C0360,
179.7183E+0,1.0519E-9,38.1396E+0,001C0360,
179.8115E+0,1.0627E-9,38.1403E+0,001C0360,
179.9046E+0,1.0330E-9,38.1398E+0,001C0360,
179.9976E+0,1.0478E-9,38.1398E+0,001C0360,
180.0908E+0,1.0406E-9,38.1401E+0,001C0360,
180.1839E+0,1.0461E-9,38.1397E+0,001C0360,
180.2770E+0,1.0463E-9,38.1395E+0,001C0360,
180.3701E+0,1.0405E-9,38.1399E+0,001C0360,
180.4632E+0,1.0359E-9,38.1397E+0,001C0360,
180.5563E+0,1.0356E-9,38.1399E+0,001C0360,
180.6494E+0,1.0311E-9,38.1400E+0,001C0360,
180.7425E+0,1.0438E-9,38.1397E+0,001C0360,
180.8356E+0,1.0344E-9,38.1396E+0,001C0360,
180.9287E+0,1.0460E-9,38.1401E+0,001C0360,
181.0218E+0,1.0199E-9,38.1397E+0,001C0360,
181.1149E+0,1.0105E-9,38.1397E+0,001C0360,
181.2080E+0,1.0096E-9,38.1404E+0,001C0360,
181.3011E+0,1.0052E-9,38.1397E+0,001C0360,
181.3942E+0,1.0071E-9,38.1399E+0,001C0360,
181.4874E+0,1.0060E-9,38.1403E+0,001C0360,
181.5805E+0,992.3466E-12,38.1401E+0,001C0360,
181.6736E+0,978.5490E-12,38.1399E+0,001C0360,
181.7667E+0,981.1991E-12,38.1402E+0,001C0360,
181.8598E+0,965.8871E-12,38.1401E+0,001C0360,
181.9529E+0,963.3632E-12,38.1399E+0,001C0360,
182.0460E+0,971.3137E-12,38.1404E+0,001C0360,
182.1391E+0,962.5639E-12,38.1400E+0,001C0360,
182.2322E+0,972.3653E-12,38.1399E+0,001C0360,
182.3253E+0,950.8695E-12,38.1400E+0,001C0360,
182.4184E+0,946.2423E-12,38.1399E+0,001C0360,
182.5116E+0,959.5772E-12,38.1400E+0,001C0360,
182.6046E+0,964.5831E-12,38.1401E+0,001C0360,
182.6977E+0,950.1544E-12,38.1399E+0,001C0360,
182.7908E+0,951.2902E-12,38.1399E+0,001C0360,
182.8840E+0,949.2710E-12,38.1403E+0,001C0360,
182.9771E+0,949.3972E-12,38.1398E+0,001C0360,
183.0702E+0,946.5788E-12,38.1399E+0,001C0360,
183.1633E+0,953.6039E-12,38.1402E+0,001C0360,
183.2564E+0,940.4791E-12,38.1401E+0,001C0360,
183.3495E+0,946.5367E-12,38.1400E+0,001C0360,
183.4427E+0,959.4930E-12,38.1403E+0,001C0360,
183.5358E+0,946.6629E-12,38.1399E+0,001C0360,
183.6289E+0,939.8061E-12,38.1399E+0,001C0360,
183.7219E+0,942.4143E-12,38.1401E+0,001C0360,
183.8151E+0,944.1810E-12,38.1400E+0,001C0360,
183.9082E+0,953.0990E-12,38.1399E+0,001C0360,
184.0013E+0,949.6917E-12,38.1402E+0,001C0360,
184.0944E+0,949.7337E-12,38.1398E+0,001C0360,
184.1875E+0,940.2689E-12,38.1399E+0,001C0360,
184.2806E+0,946.8312E-12,38.1401E+0,001C0360,
184.3736E+0,935.0948E-12,38.1399E+0,001C0360,
184.4667E+0,926.8078E-12,38.1397E+0,001C0360,
184.5598E+0,960.5868E-12,38.1403E+0,001C0360,
184.6530E+0,945.7375E-12,38.1400E+0,001C0360,
184.7461E+0,938.8808E-12,38.1396E+0,001C0360,
184.8392E+0,942.5405E-12,38.1402E+0,001C0360,
184.9323E+0,915.3658E-12,38.1400E+0,001C0360,
185.0254E+0,912.2108E-12,38.1402E+0,001C0360,
185.1185E+0,938.8387E-12,38.1403E+0,001C0360,
185.2116E+0,940.8998E-12,38.1401E+0,001C0360,
185.3047E+0,945.5272E-12,38.1398E+0,001C0360,
185.3978E+0,943.0031E-12,38.1403E+0,001C0360,
185.4909E+0,927.2285E-12,38.1402E+0,001C0360,
185.5840E+0,936.0203E-12,38.1400E+0,001C0360,
185.6770E+0,950.0282E-12,38.1402E+0,001C0360,
185.7702E+0,936.5670E-12,38.1398E+0,001C0360,
185.8633E+0,927.0602E-12,38.1399E+0,001C0360,
185.9564E+0,949.5655E-12,38.1403E+0,001C0360,
186.0495E+0,937.6607E-12,38.1399E+0,001C0360,
186.1425E+0,937.2402E-12,38.1399E+0,001C0360,
186.2356E+0,949.4813E-12,38.1400E+0,001C0360,
186.3287E+0,931.0143E-12,38.1400E+0,001C0360,
186.4218E+0,943.2976E-12,38.1398E+0,001C0360,
186.5150E+0,930.8882E-12,38.1401E+0,001C0360,
186.6080E+0,929.5000E-12,38.1399E+0,001C0360,
186.7012E+0,934.2535E-12,38.1398E+0,001C0360,
186.7943E+0,944.1390E-12,38.1400E+0,001C0360,
186.8874E+0,932.6129E-12,38.1398E+0,001C0360,
186.9805E+0,917.1325E-12,38.1397E+0,001C0360,
187.0736E+0,949.7337E-12,38.1398E+0,001C0360,
187.1667E+0,920.0773E-12,38.1397E+0,001C0360,
187.2598E+0,923.7370E-12,38.1396E+0,001C0360,
187.3530E+0,936.7774E-12,38.1399E+0,001C0360,
187.4461E+0,926.5134E-12,38.1399E+0,001C0360,
187.5392E+0,932.3605E-12,38.1398E+0,001C0360,
187.6323E+0,926.3871E-12,38.1399E+0,001C0360,
187.7254E+0,935.0948E-12,38.1399E+0,001C0360,
187.8184E+0,937.2823E-12,38.1398E+0,001C0360,
187.9115E+0,942.6666E-12,38.1399E+0,001C0360,
188.0047E+0,926.4292E-12,38.1397E+0,001C0360,
188.0978E+0,932.3605E-12,38.1397E+0,001C0360,
188.1909E+0,948.8924E-12,38.1397E+0,001C0360,
188.2840E+0,934.2535E-12,38.1397E+0,001C0360,
188.3771E+0,939.2173E-12,38.1396E+0,001C0360,
188.4703E+0,955.3707E-12,38.1398E+0,001C0360,
188.5633E+0,927.1443E-12,38.1396E+0,001C0360,
188.6565E+0,939.6800E-12,38.1395E+0,001C0360,
188.7495E+0,940.4372E-12,38.1399E+0,001C0360,
188.8427E+0,941.4467E-12,38.1396E+0,001C0360,
188.9358E+0,932.4446E-12,38.1396E+0,001C0360,
189.0289E+0,936.2726E-12,38.1399E+0,001C0360,
189.1220E+0,934.1693E-12,38.1397E+0,001C0360,
189.2151E+0,930.9303E-12,38.1395E+0,001C0360,
189.3082E+0,934.8003E-12,38.1398E+0,001C0360,
189.4013E+0,923.9052E-12,38.1399E+0,001C0360,
189.4944E+0,933.2438E-12,38.1397E+0,001C0360,
189.5875E+0,934.3375E-12,38.1406E+0,001C0360,
189.6806E+0,927.3968E-12,38.1400E+0,001C0360,
189.7738E+0,927.9856E-12,38.1398E+0,001C0360,
189.8669E+0,929.3739E-12,38.1400E+0,001C0360,
189.9600E+0,910.6123E-12,38.1400E+0,001C0360,
190.0531E+0,936.9877E-12,38.1400E+0,001C0360,
190.1462E+0,933.3280E-12,38.1402E+0,001C0360,
190.2393E+0,928.6166E-12,38.1398E+0,001C0360,
190.3324E+0,921.9702E-12,38.1394E+0,001C0360,
190.4255E+0,930.0890E-12,38.1400E+0,001C0360,
190.5186E+0,914.4404E-12,38.1396E+0,001C0360,
190.6117E+0,922.2226E-12,38.1396E+0,001C0360,
190.7048E+0,929.6683E-12,38.1399E+0,001C0360,
190.7979E+0,931.2668E-12,38.1397E+0,001C0360,
190.8910E+0,932.9073E-12,38.1394E+0,001C0360,
190.9841E+0,935.0527E-12,38.1395E+0,001C0360,
191.0772E+0,913.1784E-12,38.1395E+0,001C0360,
191.1703E+0,914.5244E-12,38.1394E+0,001C0360,
191.2635E+0,915.5340E-12,38.1396E+0,001C0360,
191.3566E+0,924.7886E-12,38.1394E+0,001C0360,
191.4497E+0,929.7104E-12,38.1394E+0,001C0360,
191.5428E+0,938.2918E-12,38.1398E+0,001C0360,
191.6359E+0,915.9968E-12,38.1396E+0,001C0360,
191.7290E+0,927.1864E-12,38.1394E+0,001C0360,
191.8221E+0,941.0681E-12,38.1392E+0,001C0360,
191.9152E+0,933.4121E-12,38.1395E+0,001C0360,
192.0084E+0,926.3871E-12,38.1393E+0,001C0360,
192.1015E+0,934.5900E-12,38.1397E+0,001C0360,
192.1946E+0,925.3775E-12,38.1394E+0,001C0360,
192.2877E+0,929.2476E-12,38.1394E+0,001C0360,
192.3808E+0,928.1539E-12,38.1395E+0,001C0360,
192.4740E+0,921.2550E-12,38.1396E+0,001C0360,
192.5670E+0,918.9414E-12,38.1394E+0,001C0360,
192.6602E+0,939.2173E-12,38.1398E+0,001C0360,
192.7533E+0,927.6491E-12,38.1396E+0,001C0360,
192.8464E+0,920.6662E-12,38.1395E+0,001C0360,
192.9396E+0,921.5075E-12,38.1396E+0,001C0360,
193.0327E+0,918.0580E-12,38.1395E+0,001C0360,
193.1258E+0,918.0159E-12,38.1394E+0,001C0360,
193.2189E+0,933.6645E-12,38.1397E+0,001C0360,
193.3120E+0,923.4004E-12,38.1395E+0,001C0360,
193.4051E+0,922.0543E-12,38.1394E+0,001C0360,
193.4982E+0,937.5346E-12,38.1395E+0,001C0360,
193.5913E+0,916.6699E-12,38.1396E+0,001C0360,
193.6844E+0,919.1518E-12,38.1392E+0,001C0360,
193.7775E+0,929.7104E-12,38.1395E+0,001C0360,
193.8706E+0,922.9797E-12,38.1393E+0,001C0360,
193.9637E+0,926.2189E-12,38.1392E+0,001C0360,
194.0568E+0,936.2305E-12,38.1397E+0,001C0360,
194.1499E+0,911.7060E-12,38.1396E+0,001C0360,
194.2430E+0,919.0677E-12,38.1394E+0,001C0360,
194.3362E+0,919.6986E-12,38.1396E+0,001C0360,
194.4292E+0,916.1651E-12,38.1393E+0,001C0360,
194.5224E+0,922.0543E-12,38.1394E+0,001C0360,
194.6155E+0,921.8440E-12,38.1396E+0,001C0360,
194.7086E+0,910.7385E-12,38.1395E+0,001C0360,
194.8017E+0,919.0256E-12,38.1394E+0,001C0360,
194.8948E+0,918.9414E-12,38.1398E+0,001C0360,
194.9879E+0,900.7269E-12,38.1394E+0,001C0360,
195.0810E+0,917.8476E-12,38.1397E+0,001C0360,
195.1741E+0,918.2263E-12,38.1395E+0,001C0360,
195.2672E+0,906.9106E-12,38.1394E+0,001C0360,
195.3604E+0,911.2434E-12,38.1393E+0,001C0360,
195.4535E+0,927.4388E-12,38.1397E+0,001C0360,
195.5466E+0,898.2449E-12,38.1397E+0,001C0360,
195.6397E+0,912.4633E-12,38.1394E+0,001C0360,
195.7328E+0,911.8323E-12,38.1396E+0,001C0360,
195.8259E+0,900.6006E-12,38.1393E+0,001C0360,
195.9191E+0,907.5836E-12,38.1392E+0,001C0360,
196.0122E+0,908.9717E-12,38.1396E+0,001C0360,
196.1053E+0,906.0272E-12,38.1392E+0,001C0360,
196.1984E+0,901.4841E-12,38.1392E+0,001C0360,
196.2915E+0,920.8764E-12,38.1394E+0,001C0360,
196.3846E+0,907.5836E-12,38.1393E+0,001C0360,
196.4778E+0,899.9275E-12,38.1390E+0,001C0360,
196.5709E+0,915.9968E-12,38.1396E+0,001C0360,
196.6640E+0,910.0655E-12,38.1392E+0,001C0360,
196.7571E+0,904.9755E-12,38.1387E+0,001C0360,
196.8502E+0,899.0441E-12,38.1393E+0,001C0360,
196.9433E+0,912.0426E-12,38.1392E+0,001C0360,
197.0364E+0,898.6656E-12,38.1393E+0,001C0360,
197.1296E+0,903.1666E-12,38.1393E+0,001C0360,
197.2227E+0,903.7976E-12,38.1393E+0,001C0360,
197.3158E+0,918.5208E-12,38.1394E+0,001C0360,
197.4089E+0,914.3983E-12,38.1394E+0,001C0360,
197.5020E+0,916.9223E-12,38.1394E+0,001C0360,
197.5951E+0,898.9180E-12,38.1397E+0,001C0360,
197.6882E+0,916.7120E-12,38.1394E+0,001C0360,
197.7814E+0,914.0197E-12,38.1394E+0,001C0360,
197.8745E+0,920.0773E-12,38.1397E+0,001C0360,
197.9676E+0,907.2891E-12,38.1394E+0,001C0360,
198.0607E+0,909.8131E-12,38.1393E+0,001C0360,
198.1538E+0,918.5628E-12,38.1396E+0,001C0360,
198.2469E+0,921.0868E-12,38.1394E+0,001C0360,
198.3401E+0,914.7769E-12,38.1394E+0,001C0360,
198.4332E+0,923.4846E-12,38.1395E+0,001C0360,
198.5263E+0,919.5725E-12,38.1395E+0,001C0360,
198.6194E+0,905.2278E-12,38.1393E+0,001C0360,
198.7125E+0,909.8551E-12,38.1398E+0,001C0360,
198.8056E+0,930.0469E-12,38.1394E+0,001C0360,
198.8986E+0,908.6773E-12,38.1394E+0,001C0360,
198.9918E+0,912.0426E-12,38.1393E+0,001C0360,
199.0849E+0,910.5703E-12,38.1393E+0,001C0360,
199.1780E+0,906.0692E-12,38.1394E+0,001C0360,
199.2711E+0,917.4692E-12,38.1400E+0,001C0360,
199.3642E+0,910.7385E-12,38.1394E+0,001C0360,
199.4573E+0,907.3732E-12,38.1394E+0,001C0360,
199.5504E+0,908.0462E-12,38.1394E+0,001C0360,
199.6435E+0,905.0596E-12,38.1395E+0,001C0360,
199.7366E+0,913.1363E-12,38.1392E+0,001C0360,
199.8297E+0,911.4957E-12,38.1394E+0,001C0360,
199.9229E+0,911.4957E-12,38.1392E+0,001C0360,
200.0160E+0,893.2811E-12,38.1395E+0,001C0360,
200.1091E+0,916.9643E-12,38.1397E+0,001C0360,
200.2022E+0,913.2204E-12,38.1394E+0,001C0360,
200.2953E+0,910.0655E-12,38.1393E+0,001C0360,
200.3884E+0,912.3370E-12,38.1393E+0,001C0360,
200.4815E+0,899.3387E-12,38.1393E+0,001C0360,
200.5746E+0,908.8456E-12,38.1391E+0,001C0360,
200.6678E+0,924.1576E-12,38.1395E+0,001C0360,
200.7609E+0,905.2699E-12,38.1390E+0,001C0360,
200.8540E+0,911.7060E-12,38.1392E+0,001C0360,
200.9471E+0,894.9217E-12,38.1393E+0,001C0360,
201.0402E+0,911.7903E-12,38.1391E+0,001C0360,
201.1333E+0,913.5990E-12,38.1391E+0,001C0360,
201.2264E+0,903.4191E-12,38.1393E+0,001C0360,
201.3195E+0,904.9755E-12,38.1391E+0,001C0360,
201.4126E+0,906.8685E-12,38.1391E+0,001C0360,
201.5057E+0,906.3637E-12,38.1393E+0,001C0360,
201.5989E+0,917.9740E-12,38.1393E+0,001C0360,
201.6920E+0,889.3690E-12,38.1392E+0,001C0360,
201.7851E+0,912.5474E-12,38.1391E+0,001C0360,
201.8782E+0,897.6139E-12,38.1390E+0,001C0360,
201.9713E+0,903.2508E-12,38.1389E+0,001C0360,
202.0645E+0,901.5260E-12,38.1391E+0,001C0360,
202.1576E+0,896.7726E-12,38.1393E+0,001C0360,
202.2507E+0,910.0655E-12,38.1390E+0,001C0360,
202.3438E+0,903.4191E-12,38.1392E+0,001C0360,
202.4369E+0,894.5431E-12,38.1392E+0,001C0360,
202.5300E+0,898.0346E-12,38.1392E+0,001C0360,
202.6231E+0,901.6102E-12,38.1393E+0,001C0360,
202.7162E+0,903.5453E-12,38.1390E+0,001C0360,
202.8094E+0,903.2508E-12,38.1391E+0,001C0360,
202.9025E+0,886.4243E-12,38.1392E+0,001C0360,
202.9956E+0,894.8376E-12,38.1390E+0,001C0360,
203.0887E+0,896.0154E-12,38.1390E+0,001C0360,
203.1818E+0,880.1144E-12,38.1392E+0,001C0360,
203.2749E+0,889.7896E-12,38.1391E+0,001C0360,
203.3680E+0,897.5719E-12,38.1393E+0,001C0360,
203.4612E+0,882.8908E-12,38.1392E+0,001C0360,
203.5543E+0,895.0058E-12,38.1393E+0,001C0360,
203.6474E+0,905.1438E-12,38.1393E+0,001C0360,
203.7405E+0,898.8759E-12,38.1394E+0,001C0360,
203.8336E+0,907.6677E-12,38.1391E+0,001C0360,
203.9268E+0,901.2316E-12,38.1391E+0,001C0360,
204.0199E+0,899.3807E-12,38.1393E+0,001C0360,
204.1130E+0,900.1800E-12,38.1391E+0,001C0360,
204.2061E+0,906.9946E-12,38.1391E+0,001C0360,
204.2992E+0,916.5858E-12,38.1396E+0,001C0360,
204.3923E+0,912.5474E-12,38.1396E+0,001C0360,
204.4854E+0,903.4191E-12,38.1391E+0,001C0360,
204.5786E+0,905.6486E-12,38.1396E+0,001C0360,
204.6717E+0,898.9180E-12,38.1391E+0,001C0360,
204.7648E+0,896.6884E-12,38.1392E+0,001C0360,
204.8579E+0,899.9696E-12,38.1391E+0,001C0360,
204.9510E+0,897.7402E-12,38.1390E+0,001C0360,
205.0441E+0,884.3210E-12,38.1392E+0,001C0360,
205.1373E+0,886.3824E-12,38.1395E+0,001C0360,
205.2304E+0,880.1144E-12,38.1393E+0,001C0360,
205.3235E+0,896.4361E-12,38.1390E+0,001C0360,
205.4166E+0,909.5186E-12,38.1394E+0,001C0360,
205.5097E+0,897.3194E-12,38.1391E+0,001C0360,
205.6029E+0,907.1209E-12,38.1389E+0,001C0360,
205.6960E+0,893.5335E-12,38.1393E+0,001C0360,
205.7892E+0,899.2545E-12,38.1391E+0,001C0360,
205.8822E+0,895.5948E-12,38.1390E+0,001C0360,
205.9754E+0,875.1926E-12,38.1390E+0,001C0360,
206.0685E+0,885.6672E-12,38.1389E+0,001C0360,
206.1617E+0,892.5240E-12,38.1388E+0,001C0360,
206.2548E+0,875.6975E-12,38.1388E+0,001C0360,
206.3479E+0,895.6368E-12,38.1388E+0,001C0360,
206.4411E+0,888.5276E-12,38.1389E+0,001C0360,
206.5342E+0,888.4856E-12,38.1390E+0,001C0360,
206.6273E+0,889.1587E-12,38.1390E+0,001C0360,
206.7205E+0,894.5431E-12,38.1389E+0,001C0360,
206.8136E+0,890.1261E-12,38.1392E+0,001C0360,
206.9067E+0,892.1874E-12,38.1389E+0,001C0360,
206.9998E+0,884.9941E-12,38.1389E+0,001C0360,
207.0929E+0,884.7417E-12,38.1390E+0,001C0360,
207.1861E+0,887.1815E-12,38.1389E+0,001C0360,
207.2792E+0,880.8296E-12,38.1388E+0,001C0360,
207.3723E+0,893.8700E-12,38.1390E+0,001C0360,
207.4654E+0,893.7439E-12,38.1389E+0,001C0360,
207.5586E+0,885.7934E-12,38.1389E+0,001C0360,
207.6517E+0,878.4318E-12,38.1390E+0,001C0360,
207.7448E+0,884.3631E-12,38.1389E+0,001C0360,
207.8380E+0,882.1757E-12,38.1389E+0,001C0360,
207.9311E+0,922.6432E-12,38.1389E+0,001C0360,
208.0242E+0,893.9963E-12,38.1387E+0,001C0360,
208.1173E+0,897.8242E-12,38.1388E+0,001C0360,
208.2104E+0,894.8376E-12,38.1391E+0,001C0360,
208.3036E+0,885.9616E-12,38.1390E+0,001C0360,
208.3967E+0,893.1129E-12,38.1388E+0,001C0360,
208.4898E+0,903.7976E-12,38.1388E+0,001C0360,
208.5829E+0,903.6714E-12,38.1389E+0,001C0360,
208.6760E+0,901.2737E-12,38.1387E+0,001C0360,
208.7692E+0,878.3477E-12,38.1398E+0,001C0360,
208.8623E+0,902.1571E-12,38.1388E+0,001C0360,
208.9554E+0,891.7246E-12,38.1388E+0,001C0360,
209.0485E+0,891.5985E-12,38.1390E+0,001C0360,
209.1416E+0,896.3519E-12,38.1388E+0,001C0360,
209.2348E+0,883.7321E-12,38.1388E+0,001C0360,
209.3279E+0,893.4494E-12,38.1396E+0,001C0360,
209.4209E+0,906.9106E-12,38.1391E+0,001C0360,
209.5141E+0,890.5047E-12,38.1388E+0,001C0360,
209.6072E+0,903.4191E-12,38.1388E+0,001C0360,
209.7003E+0,882.5122E-12,38.1388E+0,001C0360,
209.7934E+0,889.9578E-12,38.1386E+0,001C0360,
209.8866E+0,888.2753E-12,38.1388E+0,001C0360,
209.9797E+0,878.6842E-12,38.1389E+0,001C0360,
210.0728E+0,870.6495E-12,38.1389E+0,001C0360,
210.1659E+0,884.7839E-12,38.1390E+0,001C0360,
210.2591E+0,897.0250E-12,38.1388E+0,001C0360,
210.3522E+0,887.3498E-12,38.1389E+0,001C0360,
210.4453E+0,896.5202E-12,38.1390E+0,001C0360,
210.5385E+0,882.6385E-12,38.1388E+0,001C0360,
210.6316E+0,889.7056E-12,38.1387E+0,001C0360,
210.7247E+0,901.6102E-12,38.1390E+0,001C0360,
210.8179E+0,871.7433E-12,38.1388E+0,001C0360,
210.9110E+0,889.8738E-12,38.1387E+0,001C0360,
211.0041E+0,882.5963E-12,38.1389E+0,001C0360,
211.0972E+0,886.0038E-12,38.1388E+0,001C0360,